t_rel,t_abs,ear,threshold,eye_closed,mar,blink_duration_ms,blink_freq,perclos
0.03754711151123047,1790751898.7511601,0.37850852745812724,0.2900119828422796,False,0.6370531605161113,,0.0,0.0
0.08400154113769531,1790751898.7976146,0.3929498005637419,0.29031478576821856,False,0.6497539883544843,,0.0,0.0
0.13043689727783203,1790751898.84405,0.3753079335468657,0.2900119828422796,False,0.6259785876476565,,0.0,0.0
0.17639684677124023,1790751898.8900099,0.394202253146129,0.29031478576821856,False,0.6399089369685698,,0.0,0.0
0.22982573509216309,1790751898.9434388,0.3946223411989433,0.29061758869415755,False,0.6390842953642489,,0.0,0.0
0.2764396667480469,1790751898.9900527,0.40279356300980307,0.2906476548180047,False,0.6297402603057537,,0.0,0.0
0.3229355812072754,1790751899.0365486,0.3966137903344632,0.2906777209418518,False,0.6186035298832521,,0.0,0.0
0.3688833713531494,1790751899.0824964,0.40141520086627513,0.2907254208456326,False,0.6271992321604133,,0.0,0.0
0.4163329601287842,1790751899.129946,0.3911685282209242,0.2907731207494134,False,0.6337666790156916,,0.0,0.0
0.46024537086486816,1790751899.1738584,0.4088332565926214,0.2908269111470423,False,0.628847152483687,,0.0,0.0
0.5069806575775146,1790751899.2205937,0.3886164080923851,0.29088070154467127,False,0.6263378731749698,,0.0,0.0
0.5512833595275879,1790751899.2648964,0.40763526460979294,0.29089048872514145,False,0.6300231349933538,,0.0,0.0
0.5949022769927979,1790751899.3085153,0.3945533249131655,0.2909002759056116,False,0.6254544520552031,,0.0,0.0
0.6394741535186768,1790751899.3530872,0.39930312981109395,0.2911812909874502,False,0.6439704367736144,,0.0,0.0
0.6844291687011719,1790751899.3980422,0.3916512149086461,0.29146230606928886,False,0.6189524015266791,,0.0,0.0
0.7297065258026123,1790751899.4433196,0.39546158001115395,0.2916670186023221,False,0.6272443411128735,,0.0,0.0
0.7758321762084961,1790751899.4894452,0.39782703387836116,0.29187173113535525,False,0.625679417622341,,0.0,0.0
0.8195188045501709,1790751899.5331318,0.4152055835060448,0.2925613393445522,False,0.6393774152363512,,0.0,0.0
0.8632686138153076,1790751899.5768816,0.40995141460148554,0.29325094755374914,False,0.6389353668847256,,0.0,0.0
0.9083828926086426,1790751899.621996,0.4067325740689277,0.2933136718597211,False,0.6503139515056183,,0.0,0.0
0.9519288539886475,1790751899.665542,0.3990096264026759,0.2933763961656931,False,0.6357654607386589,,0.0,0.0
0.9958996772766113,1790751899.7095127,0.4066407530841659,0.29355740367358885,False,0.624759001987566,,0.0,0.0
1.0411992073059082,1790751899.7548122,0.39988431578205985,0.2937384111814846,False,0.6341806671025945,,0.0,0.0
1.0847728252410889,1790751899.7983859,0.39826049617144,0.29415285921679724,False,0.6421243890848184,,0.0,0.0
1.1282892227172852,1790751899.8419023,0.39875425669066034,0.2945673072521099,False,0.6418611661013173,,0.0,0.0
1.1727368831634521,1790751899.88635,0.41620253869016477,0.29463982883745815,False,0.6390089614044785,,0.0,0.0
1.2177374362945557,1790751899.9313505,0.4074028270702852,0.2947123504228064,False,0.6540703301586217,,0.0,0.0
1.2629146575927734,1790751899.9765277,0.39922499071700557,0.29482182409142643,False,0.6363420352098016,,0.0,0.0
1.3087279796600342,1790751900.022341,0.4084190129420421,0.2949312977600464,False,0.6340598463488405,,0.0,0.0
1.3522093296051025,1790751900.0658224,0.399319244178847,0.29529149380982156,False,0.6276546167867899,,0.0,0.0
1.3960113525390625,1790751900.1096244,0.41273089127202445,0.2956516898595968,False,0.6379001294243063,,0.0,0.0
1.442863941192627,1790751900.156477,0.4089921778250301,0.2957833417722354,False,0.6480831594554676,,0.0,0.0
1.487560510635376,1790751900.2011735,0.4016137705069024,0.2959149936848742,False,0.6446559271862963,,0.0,0.0
1.5327448844909668,1790751900.246358,0.416223478584667,0.2959408747920408,False,0.6338195609580457,,0.0,0.0
1.5770184993743896,1790751900.2906315,0.40747497192605703,0.29596675589920746,False,0.6342794559523743,,0.0,0.0
1.6206650733947754,1790751900.334278,0.408318485263537,0.29628147045378644,False,0.6432813411143022,,0.0,0.0
1.6698038578033447,1790751900.383417,0.3962148207545968,0.2965961850083655,False,0.6338195609580457,,0.0,0.0
1.7139661312103271,1790751900.4275792,0.40817890093630393,0.29687865028715654,False,0.6195026249810839,,0.0,0.0
1.7577500343322754,1790751900.471363,0.4036536498205009,0.2971611155659476,False,0.6547336876466677,,0.0,0.0
1.8038339614868164,1790751900.517447,0.41034247147109754,0.2973107291583975,False,0.6325588942030004,,0.0,0.0
1.8470730781555176,1790751900.560686,0.41223434972424455,0.29746034275084743,False,0.6390089614044785,,0.0,0.0
1.8908641338348389,1790751900.6044772,0.4087333036994142,0.2974892017189768,False,0.645118144660405,,0.0,0.0
1.9356129169464111,1790751900.649226,0.40361508616721553,0.29751806068710623,False,0.6483980687776542,,0.0,0.0
1.9792485237121582,1790751900.6928616,0.4127406947945064,0.29794416804793855,False,0.6326995722641644,,0.0,0.0
2.023463487625122,1790751900.7370765,0.41192069593288566,0.29837027540877087,False,0.645315174574579,,0.0,0.0
2.07076096534729,1790751900.784374,0.4120528149804197,0.2985328237686754,False,0.6466880870904983,,0.0,0.0
2.1142685413360596,1790751900.8278816,0.4089184488221269,0.29869537212858,False,0.617683109194098,,0.0,0.0
2.15814208984375,1790751900.8717551,0.4105445963451897,0.2988805323232876,False,0.637614338655305,,0.0,0.0
2.2025933265686035,1790751900.9162064,0.41649253514172446,0.29906569251799525,False,0.6217450321243563,,0.0,0.0
2.2462263107299805,1790751900.9598393,0.42179048778901906,0.2991614561600011,False,0.6531954880539328,,0.0,0.0
2.2898643016815186,1790751901.0034773,0.41432513422448974,0.2992572198020069,False,0.6217919548356566,,0.0,0.0
2.3341996669769287,1790751901.0478127,0.43196911194616605,0.29933798141988055,False,0.6325076492445416,,0.0,0.0
2.3792355060577393,1790751901.0928485,0.41302781692017,0.2994187430377542,False,0.6391530493147067,,0.0,0.0
2.4254655838012695,1790751901.1390786,0.41303142921316816,0.2994480451980373,False,0.6580117371137187,,0.0,0.0
2.4718565940856934,1790751901.1854696,0.41737698487190406,0.29947734735832043,False,0.6312669252302769,,0.0,0.0
2.5168943405151367,1790751901.2305074,0.4095118277254867,0.29948339024622783,False,0.6393671700518491,,0.0,0.0
2.5621211528778076,1790751901.2757342,0.41489156355574536,0.29948943313413523,False,0.6306861633378587,,0.0,0.0
2.607273578643799,1790751901.3208866,0.42641393396237137,0.2995989609871609,False,0.647606263832583,,0.0,0.0
2.6512253284454346,1790751901.3648384,0.4182653721894771,0.29970848884018647,False,0.6419740840365469,,0.0,0.0
2.6955995559692383,1790751901.4092126,0.4228830799809979,0.29981086283836567,False,0.6329165964253224,,0.0,0.0
2.7424702644348145,1790751901.4560833,0.4140580781250676,0.2999132368365449,False,0.6548230495061729,,0.0,0.0
2.7878613471984863,1790751901.5014744,0.4174774602453173,0.3004873187431256,False,0.6540898150784539,,0.0,0.0
2.8347976207733154,1790751901.5484107,0.4218582834627013,0.3010614006497063,False,0.6386586332518067,,0.0,0.0
2.8807594776153564,1790751901.5943725,0.42530324917511697,0.30113586426494154,False,0.6244569699940383,,0.0,0.0
2.927112579345703,1790751901.6407256,0.3967638045038928,0.3010614006497063,False,0.6496116636159786,,0.0,0.0
2.973766326904297,1790751901.6873794,0.41410611022885624,0.30113586426494154,False,0.6351136568653365,,0.0,0.0
3.019258975982666,1790751901.732872,0.4089551110350642,0.30121032788017676,False,0.6482310390020616,,0.0,0.0
3.0648882389068604,1790751901.7785013,0.4211951735957765,0.3016527500687646,False,0.6373440850718799,,0.0,0.0
3.117947816848755,1790751901.8315609,0.41229139215404187,0.3020951722573523,False,0.6313131637669508,,0.0,0.0
3.166781187057495,1790751901.8803942,0.40456045887486136,0.302403243441382,False,0.6416508501064233,,0.0,0.0
3.214254379272461,1790751901.9278674,0.4390229085154675,0.3027113146254117,False,0.6344634776913316,,0.0,0.0
3.259739398956299,1790751901.9733524,0.42724541620945433,0.30272577599539363,False,0.6558144904718843,,0.0,0.0
3.305511236190796,1790751902.0191243,0.39724478378654715,0.3027113146254117,False,0.6161758161403399,,0.0,0.0
3.3517343997955322,1790751902.0653474,0.40460797586493813,0.30272577599539363,False,0.6728303578320185,,0.0,0.0
3.3964273929595947,1790751902.1100404,0.41289042006061827,0.3027402373653757,False,0.6382917178775603,,0.0,0.0
3.443983793258667,1790751902.1575968,0.42614040808384274,0.3030802907607608,False,0.6290699127595061,,0.0,0.0
3.4881510734558105,1790751902.201764,0.425879114455328,0.30342034415614605,False,0.6551019605298789,,0.0,0.0
3.53459095954895,1790751902.248204,0.4177913272250424,0.3034381630274248,False,0.6329125219964336,,0.0,0.0
3.580807685852051,1790751902.2944207,0.4267889581145906,0.3034559818987036,False,0.6392222906749347,,0.0,0.0
3.627305269241333,1790751902.3409183,0.4093013412833624,0.304218273355914,False,0.6300844578965746,,0.0,0.0
3.674207925796509,1790751902.387821,0.4316532966648805,0.3049805648131244,False,0.6294389947977808,,0.0,0.0
3.7190356254577637,1790751902.4326487,0.43169971290665166,0.30501499768241014,False,0.6503214418073324,,0.0,0.0
3.764474868774414,1790751902.478088,0.4059380115588699,0.3049805648131244,False,0.6661327163678546,,0.0,0.0
3.810650110244751,1790751902.5242631,0.4267497173893818,0.30501499768241014,False,0.6325548197741114,,0.0,0.0
3.855358123779297,1790751902.5689712,0.41365840358899153,0.30504943055169575,False,0.6376264766204306,,0.0,0.0
3.9028096199035645,1790751902.6164227,0.4182632352626652,0.30530077542720485,False,0.6284442868602266,,0.0,0.0
3.948535203933716,1790751902.6621482,0.4260483711471448,0.3055521203027139,False,0.6423365933916783,,0.0,0.0
3.9961273670196533,1790751902.7097404,0.4234718074084828,0.3055791746236284,False,0.6379001294243063,,0.0,0.0
4.042921543121338,1790751902.7565346,0.417119913363739,0.30560622894454276,False,0.6163935235229638,,0.0,0.0
4.087857723236084,1790751902.8014708,0.44431693174388764,0.30566633870094373,False,0.6378552905055516,,0.0,0.0
4.135117769241333,1790751902.8487308,0.4105445963451897,0.3057264484573447,False,0.6273859061512554,,0.0,0.0
4.179762125015259,1790751902.8933752,0.41448935685913035,0.3059303120797863,False,0.6405590400857257,,0.0,0.0
4.224447011947632,1790751902.93806,0.4353404898025306,0.30613417570222795,False,0.6311249354887283,,0.0,0.0
4.270884037017822,1790751902.984497,0.41364455874645545,0.30618651982494033,False,0.6236627391345075,,0.0,0.0
4.31582236289978,1790751903.0294354,0.23494365457234712,0.30613417570222795,True,0.6090121207049436,,0.0,1.0526315789473684
4.359152317047119,1790751903.0727654,0.19872319492379148,0.3059303120797863,True,0.6326431018220209,,0.0,2.083333333333333
4.404296875,1790751903.11791,0.2554061477865863,0.3057264484573447,True,0.6227950436082351,,0.0,3.0927835051546393
4.448390960693359,1790751903.162004,0.333940174107714,0.30566633870094373,False,0.6434701555774455,132.5685977935791,1.0,3.061224489795918
4.4920454025268555,1790751903.2056584,0.35567211784356934,0.30560622894454276,False,0.6267377895593749,,1.0,3.0303030303030303
4.536400556564331,1790751903.2500136,0.38260568356214075,0.3055791746236284,False,0.6237858109914814,,1.0,3.0
4.5803422927856445,1790751903.2939553,0.39326838907894496,0.3055521203027139,False,0.6363464674209535,,1.0,2.9702970297029703
4.6243603229522705,1790751903.3379734,0.3838020503575961,0.30530077542720485,False,0.6377016760115363,,1.0,2.941176470588235
4.672555446624756,1790751903.3861685,0.40673872118044896,0.3050540408853367,False,0.6217919548356566,,1.0,2.912621359223301
4.717997789382935,1790751903.4316108,0.4150106019110987,0.30530308059402533,False,0.6171324378057822,,1.0,2.8846153846153846
4.763914346694946,1790751903.4775274,0.39437927932420364,0.3050540408853367,False,0.6246051514009036,,1.0,2.857142857142857
4.809480905532837,1790751903.523094,0.40824091020058395,0.30530308059402533,False,0.6085067188481339,,1.0,2.8301886792452833
4.8532021045684814,1790751903.5668151,0.41612114773390263,0.3055521203027139,False,0.6591696948795093,,1.0,2.803738317757009
4.902400732040405,1790751903.6160138,0.42046127937185673,0.3055791746236284,False,0.6090939764757266,,1.0,2.7777777777777777
4.947506666183472,1790751903.6611197,0.41656755183967153,0.30560622894454276,False,0.629721805386518,,1.0,2.7522935779816518
4.992392301559448,1790751903.7060053,0.4171131594694987,0.30566633870094373,False,0.6521661897684033,,1.0,2.727272727272727
5.038912296295166,1790751903.7525253,0.4143498409949752,0.3057264484573447,False,0.6091475620767294,,1.0,2.7027027027027026
5.08368444442749,1790751903.7972975,0.40901823199224463,0.3059303120797863,False,0.6257774720157997,,1.0,2.6785714285714284
5.1300342082977295,1790751903.8436472,0.41667452939910177,0.30613417570222795,False,0.6548176801651675,,1.0,2.6548672566371683
5.176080703735352,1790751903.8896937,0.42061251173831193,0.30615742917633293,False,0.6301541241874676,,1.0,2.631578947368421
5.220127582550049,1790751903.9337406,0.4346405293177027,0.30618068265043796,False,0.6403545556367204,,1.0,2.608695652173913
5.2665886878967285,1790751903.9802017,0.42572970075432204,0.30620977329904536,False,0.6364100589247957,,1.0,2.586206896551724
5.310892820358276,1790751904.0245059,0.4213671078303971,0.30623886394765276,False,0.6036422051550343,,1.0,2.564102564102564
5.355648517608643,1790751904.0692616,0.4165721985483373,0.3062765618270922,False,0.6372175294396497,,1.0,2.5423728813559325
5.405652046203613,1790751904.119265,0.42682540197817875,0.3063142597065316,False,0.6576953602817555,,1.0,2.5210084033613445
5.450978755950928,1790751904.1645918,0.42127717462727876,0.3064321187405461,False,0.6230579371801946,,1.0,2.5
5.495795488357544,1790751904.2094085,0.42061251173831193,0.3065499777745606,False,0.6178179244627864,,1.0,2.479338842975207
5.543199777603149,1790751904.2568128,0.4207552800965252,0.3065874601095133,False,0.6435282467973028,,1.0,2.459016393442623
5.589146137237549,1790751904.3027592,0.4164652209889071,0.30662494244446603,False,0.6325548197741114,,1.0,2.4390243902439024
5.63716459274292,1790751904.3507776,0.4248348191856639,0.3066568895305306,False,0.6344428622407245,,1.0,2.4193548387096775
5.681387901306152,1790751904.395001,0.41196973343921295,0.3066888366165952,False,0.6428571108131195,,1.0,2.4
5.725919485092163,1790751904.4395325,0.4207970400707096,0.30670258494644664,False,0.6441255613350308,,1.0,2.380952380952381
5.773029327392578,1790751904.4866424,0.42244789575829234,0.30671633327629816,False,0.6433330737237798,,1.0,2.3622047244094486
5.818095445632935,1790751904.5317085,0.4264939977979051,0.30673023332253535,False,0.6533466893504761,,1.0,2.34375
5.868334054946899,1790751904.581947,0.416461001692107,0.3067441333687726,False,0.6372175294396497,,1.0,2.3255813953488373
5.917089462280273,1790751904.6307025,0.4214695295853731,0.30675390368147804,False,0.648436626179512,,1.0,2.307692307692308
5.969020128250122,1790751904.6826332,0.4137411753481174,0.3067636739941835,False,0.6375424272019844,,1.0,2.2900763358778624
6.018089532852173,1790751904.7317026,0.42505221674712773,0.3068698399783526,False,0.6184304370011686,,1.0,2.272727272727273
6.066950559616089,1790751904.7805636,0.4092195244333324,0.3069146433249993,False,0.6424833331131936,,1.0,2.2556390977443606
6.1134819984436035,1790751904.827095,0.4128634118357942,0.30694532464376056,False,0.6275978598889449,,1.0,2.2388059701492535
6.15931510925293,1790751904.8729281,0.39516558192968415,0.3069146433249993,False,0.6265099008750182,,1.0,2.2222222222222223
6.205898284912109,1790751904.9195113,0.4171753761236191,0.30694532464376056,False,0.6393671700518491,,1.0,2.2058823529411766
6.250686168670654,1790751904.9642992,0.3348328738843288,0.3069146433249993,False,0.6120993583886462,,1.0,2.18978102189781
6.2969677448272705,1790751905.0105808,0.18060672578447645,0.3068391586595914,True,0.6035356421421453,,1.0,2.898550724637681
6.342169284820557,1790751905.0557823,0.20555535002531464,0.3067636739941835,True,0.6275792102497588,,1.0,3.597122302158273
6.387669801712036,1790751905.1012828,0.31156054525272586,0.30675390368147804,False,0.651398203861746,90.70205688476562,2.0,3.571428571428571
6.433076620101929,1790751905.1466897,0.35178836682248404,0.3067441333687726,False,0.6230477180148185,,2.0,3.546099290780142
6.4764931201934814,1790751905.1901062,0.3813527327860069,0.30673023332253535,False,0.6258277687321171,,2.0,3.5211267605633805
6.5216004848480225,1790751905.2352135,0.37912365137915116,0.30671633327629816,False,0.6178422824717205,,2.0,3.4965034965034967
6.568680286407471,1790751905.2822933,0.365576859186431,0.30670258494644664,False,0.6274101254710264,,2.0,3.4722222222222223
6.61419153213501,1790751905.3278046,0.38437512503694793,0.3066888366165952,False,0.6198470255597817,,2.0,3.4482758620689653
6.659083604812622,1790751905.3726966,0.38366484615771745,0.3066568895305306,False,0.6134573411849901,,2.0,3.4246575342465753
6.7031285762786865,1790751905.4167416,0.401943518321764,0.30662494244446603,False,0.6127941578181773,,2.0,3.4013605442176873
6.747660875320435,1790751905.461274,0.3987215664636793,0.3065874601095133,False,0.6184304370011686,,2.0,3.3783783783783785
6.793069124221802,1790751905.5066822,0.40204584917252845,0.3065499777745606,False,0.6314874166534278,,2.0,3.3557046979865772
6.839301586151123,1790751905.5529146,0.3892133880654437,0.3064321187405461,False,0.6000962078683724,,2.0,3.3333333333333335
6.884722709655762,1790751905.5983357,0.3992796216913145,0.3063142597065316,False,0.6534163410672399,,2.0,3.3112582781456954
6.932058334350586,1790751905.6456714,0.3989628831898595,0.3062765618270922,False,0.6236443309483762,,2.0,3.289473684210526
6.977127552032471,1790751905.6907406,0.4033217135342715,0.30623886394765276,False,0.6267885670512027,,2.0,3.2679738562091507
7.021330118179321,1790751905.7349432,0.36517260326407863,0.30620977329904536,False,0.6209869680796049,,2.0,3.2467532467532463
7.068694114685059,1790751905.7823071,0.21330399064697428,0.30618068265043796,True,0.6083475808156702,,2.0,3.870967741935484
7.114204168319702,1790751905.8278172,0.18460084347111172,0.30615742917633293,True,0.6156357409457005,,2.0,4.487179487179487
7.1596839427948,1790751905.873297,0.26593829188358986,0.30613417570222795,True,0.6236751720680734,,2.0,5.095541401273886
7.211105585098267,1790751905.9247186,0.3148819940156336,0.3059303120797863,False,0.6268666359227328,142.411470413208,3.0,5.063291139240507
7.256386756896973,1790751905.9699998,0.36484682641005706,0.3057264484573447,False,0.6131512602562074,,3.0,5.031446540880504
7.302323579788208,1790751906.0159366,0.3913328589567181,0.30566633870094373,False,0.622117614052206,,3.0,5.0
7.3482513427734375,1790751906.0618644,0.38469056297704185,0.30560622894454276,False,0.6276479739455709,,3.0,4.968944099378882
7.393403768539429,1790751906.1070168,0.3971900303996546,0.3055791746236284,False,0.62706615622568,,3.0,4.938271604938271
7.439414739608765,1790751906.1530278,0.37763137439033223,0.3055521203027139,False,0.6319270898144594,,3.0,4.9079754601226995
7.48567795753479,1790751906.199291,0.39525433682852323,0.30530308059402533,False,0.6226276932475036,,3.0,4.878048780487805
7.530580520629883,1790751906.2441936,0.40216432892989873,0.3050540408853367,False,0.6318099219810657,,3.0,4.848484848484849
7.575964450836182,1790751906.2895775,0.394698059088781,0.30505173571851624,False,0.622074344051595,,3.0,4.819277108433735
7.6193718910217285,1790751906.332985,0.38555480121761765,0.30504943055169575,False,0.6290425742693134,,3.0,4.790419161676647
7.663957595825195,1790751906.3775706,0.39168155795039294,0.30501499768241014,False,0.6360670921719309,,3.0,4.761904761904762
7.707989454269409,1790751906.4216025,0.3937763435867411,0.3049805648131244,False,0.6467767639142404,,3.0,4.733727810650888
7.752114295959473,1790751906.4657273,0.29932695875276905,0.3047170367411384,True,0.6283423510528694,,3.0,5.294117647058823
7.796518087387085,1790751906.5101311,0.15406769911670187,0.30445350866915244,True,0.6118191022583855,,3.0,5.847953216374268
7.843031883239746,1790751906.556645,0.14514358635438812,0.303954745283928,True,0.6210628151289902,,3.0,6.395348837209303
7.88651704788208,1790751906.60013,0.22233444789416557,0.3034559818987036,True,0.6370751997157242,,3.0,6.9364161849710975
7.93160605430603,1790751906.645219,0.2683565307134924,0.3034381630274248,True,0.6267845297900586,,3.0,7.471264367816093
7.977148771286011,1790751906.6907618,0.3308898930393447,0.30342034415614605,False,0.609228870287642,225.0344753265381,4.0,7.428571428571429
8.023249387741089,1790751906.7368624,0.33817277485123975,0.3030802907607608,False,0.5998077524785832,,4.0,7.386363636363637
8.07222604751587,1790751906.785839,0.3711709506888472,0.3027402373653757,False,0.6287128808249507,,4.0,7.344632768361582
8.118279695510864,1790751906.8318927,0.36919380833339743,0.30272577599539363,False,0.612243212246567,,4.0,7.303370786516854
8.16452693939209,1790751906.87814,0.37957488299026837,0.3027113146254117,False,0.6268666359227328,,4.0,7.262569832402235
8.210692644119263,1790751906.9243057,0.37957488299026837,0.3026012998880576,False,0.6150305262595734,,4.0,7.222222222222221
8.255433797836304,1790751906.9690468,0.37709137861577535,0.3024912851507036,False,0.6313245258004491,,4.0,7.18232044198895
8.30024766921997,1790751907.0138607,0.3839837502019784,0.30229322870402797,False,0.6421168559907277,,4.0,7.142857142857142
8.344063520431519,1790751907.0576766,0.3921307592060522,0.3020951722573523,False,0.6164434152213928,,4.0,7.103825136612022
8.38981819152832,1790751907.1034312,0.3878610174028344,0.3018592094773882,False,0.6372175294396497,,4.0,7.065217391304348
8.435558080673218,1790751907.149171,0.3899624869652246,0.301623246697424,False,0.6020107455741411,,4.0,7.027027027027027
8.48167634010315,1790751907.1952894,0.3628529483267332,0.30157881678841014,False,0.621066815535274,,4.0,6.989247311827956
8.527053594589233,1790751907.2406666,0.3843555046226379,0.3015343868793963,False,0.627774078917098,,4.0,6.951871657754011
8.572916746139526,1790751907.2865298,0.38202354938769517,0.30149601281035965,False,0.6163078245863004,,4.0,6.914893617021277
8.617508888244629,1790751907.331122,0.382503241005393,0.30145763874132303,False,0.6284262213588272,,4.0,6.878306878306878
8.663575887680054,1790751907.377189,0.37438177845416376,0.3013339833107499,False,0.6179090643693872,,4.0,6.842105263157896
8.709769487380981,1790751907.4233825,0.3711479202847445,0.30121032788017676,False,0.6178179244627864,,4.0,6.806282722513089
8.755775451660156,1790751907.4693885,0.38322355881749215,0.30113586426494154,False,0.6388058799936187,,4.0,6.770833333333333
8.802152872085571,1790751907.515766,0.389277031868683,0.3010614006497063,False,0.6034035068943304,,4.0,6.7357512953367875
8.847392797470093,1790751907.5610058,0.39799728287929936,0.3004873187431256,False,0.6240186560918285,,4.0,6.701030927835052
8.892637014389038,1790751907.60625,0.3873281326916193,0.2999132368365449,False,0.6327799482872538,,4.0,6.666666666666667
8.938836336135864,1790751907.6524494,0.38750854352108954,0.29981086283836567,False,0.6374104999140159,,4.0,6.63265306122449
8.982956171035767,1790751907.6965692,0.393390583053833,0.29970848884018647,False,0.6361178696637587,,4.0,6.598984771573605
9.02758526802063,1790751907.7411983,0.3810859595161129,0.2995989609871609,False,0.6198232334584431,,4.0,6.565656565656567
9.073190212249756,1790751907.7868032,0.3840492996574263,0.29948943313413523,False,0.6272251593347922,,4.0,6.532663316582915
9.11721134185791,1790751907.8308244,0.3843872382861562,0.29948339024622783,False,0.6331377778170707,,4.0,6.5
9.161304712295532,1790751907.8749177,0.3880732776653053,0.29947734735832043,False,0.6283423510528694,,4.0,6.467661691542288
9.206923484802246,1790751907.9205365,0.382664407406764,0.29946853181340316,False,0.6327327609695245,,4.0,6.435643564356436
9.252973556518555,1790751907.9665866,0.37983712411913134,0.2994597162684859,False,0.6395638601011909,,4.0,6.403940886699508
9.297799348831177,1790751908.0114124,0.37993676355795375,0.29943922965312003,False,0.6280683918290104,,4.0,6.372549019607843
9.343446731567383,1790751908.0570598,0.39169779167403207,0.2994187430377542,False,0.637279890004744,,4.0,6.341463414634147
9.388427972793579,1790751908.102041,0.38980054848841994,0.29933798141988055,False,0.6472646174460607,,4.0,6.310679611650485
9.434957265853882,1790751908.1485703,0.38411450850122664,0.2992572198020069,False,0.6174556566326583,,4.0,6.280193236714976
9.480064630508423,1790751908.1936777,0.3931929404453628,0.2992396910972008,False,0.6170647609485085,,4.0,6.25
9.525765657424927,1790751908.2393787,0.38839450919659163,0.29922216239239463,False,0.6364648104787077,,4.0,6.220095693779904
9.571681499481201,1790751908.2852945,0.39370256828635986,0.2991439274551949,False,0.6391712318094825,,4.0,6.190476190476191
9.617735385894775,1790751908.3313484,0.384662916002833,0.29906569251799525,False,0.6186505385961795,,4.0,6.161137440758294
9.663743019104004,1790751908.377356,0.39061182241265247,0.29905343368287735,False,0.634049455619562,,4.0,6.132075471698113
9.709209203720093,1790751908.4228222,0.3878151903161,0.2990411748477595,False,0.628499458837988,,4.0,6.103286384976526
9.755309343338013,1790751908.4689224,0.4072262291178026,0.29905343368287735,False,0.6374955806244899,,4.0,6.074766355140187
9.802395582199097,1790751908.5160086,0.3775959985440684,0.2990411748477595,False,0.6361226329449533,,4.0,6.046511627906977
9.849687099456787,1790751908.5633001,0.38455075035666286,0.29886827348816974,False,0.6315336713404817,,4.0,6.018518518518518
9.89786696434021,1790751908.61148,0.3944907009350709,0.29869537212858,False,0.627143006243213,,4.0,5.990783410138248
9.94458293914795,1790751908.658196,0.3882293146585268,0.2985966671440273,False,0.6259618449957828,,4.0,5.963302752293578
9.99295687675476,1790751908.70657,0.40192715087989095,0.29869537212858,False,0.6343392346729747,,4.0,5.93607305936073
10.040947914123535,1790751908.754561,0.38364875239603446,0.2985966671440273,False,0.6134498933339014,,4.0,5.909090909090909
10.084920406341553,1790751908.7985334,0.3726865762424342,0.29849796215947455,False,0.6229116366928835,,4.0,5.88235294117647
10.132687330245972,1790751908.8463004,0.3727908963674883,0.2984341187841227,False,0.6323979052015676,,4.0,5.8558558558558556
10.178195238113403,1790751908.8918083,0.35690578760674146,0.29837027540877087,False,0.6316720534909828,,4.0,5.829596412556054
10.223163843154907,1790751908.9367769,0.35903986968656404,0.2981519316243406,False,0.6308668297594375,,4.0,5.803571428571429
10.269038677215576,1790751908.9826517,0.35746620086669023,0.29793358783991036,False,0.641928910503872,,4.0,5.777777777777778
10.313804864883423,1790751909.027418,0.38033952302664153,0.29791305531982565,False,0.6185371738474504,,4.0,5.752212389380531
10.3590829372406,1790751909.072696,0.3767599878753165,0.297892522799741,False,0.6230572665999458,,4.0,5.726872246696035
10.405577182769775,1790751909.1191902,0.39465843519134214,0.2977326880888303,False,0.6229669759009351,,4.0,5.701754385964912
10.453238010406494,1790751909.166851,0.3909359750409096,0.2975728533779196,False,0.6360981917158817,,4.0,5.676855895196507
10.49959111213684,1790751909.2132041,0.3897639602318531,0.2975454570325129,False,0.6312419910671332,,4.0,5.6521739130434785
10.545002222061157,1790751909.2586153,0.39567495901659877,0.29751806068710623,False,0.6235917486025296,,4.0,5.627705627705628
10.590056419372559,1790751909.3036695,0.3947071791049177,0.2974892017189768,False,0.6336287711963625,,4.0,5.603448275862069
10.637181282043457,1790751909.3507943,0.3068754014948182,0.29746034275084743,False,0.6233091886861284,,4.0,5.579399141630901
10.682669401168823,1790751909.3962824,0.16792594340755349,0.2973107291583975,True,0.5981098373432949,,4.0,5.982905982905983
10.728528499603271,1790751909.4421415,0.22614390851802946,0.2971611155659476,True,0.6289013896279214,,4.0,6.382978723404255
10.774168252944946,1790751909.4877813,0.27584991184663393,0.29695866741419835,True,0.6086051124618075,,4.0,6.779661016949152
10.819173812866211,1790751909.5327868,0.3477748136161041,0.2967562192624491,False,0.6242296188866353,136.5044116973877,5.0,6.751054852320674
10.864196062088013,1790751909.577809,0.35999494287382183,0.29667620213540724,False,0.6362043909795126,,5.0,6.722689075630252
10.910454034805298,1790751909.624067,0.38453337657714676,0.2965961850083655,False,0.6192277774426957,,5.0,6.694560669456067
10.955334901809692,1790751909.668948,0.37538966031953414,0.2965184688148789,False,0.6262646788032348,,5.0,6.666666666666667
11.001218557357788,1790751909.7148316,0.3808006799971907,0.2964407526213924,False,0.6196108001237765,,5.0,6.639004149377594
11.047924518585205,1790751909.7615376,0.3809796411587161,0.2964074695343278,False,0.6083663761651262,,5.0,6.6115702479338845
11.093579530715942,1790751909.8071926,0.3849410020108027,0.2963741864472631,False,0.6286518193825941,,5.0,6.584362139917696
11.139549493789673,1790751909.8531625,0.3798448336373915,0.2962022853879757,False,0.6284442868602266,,5.0,6.557377049180328
11.186046123504639,1790751909.8996592,0.398549206061352,0.2963741864472631,False,0.6172917673834482,,5.0,6.530612244897959
11.23284363746643,1790751909.9464567,0.39081466566627876,0.2962022853879757,False,0.6073580959640056,,5.0,6.504065040650407
11.27806305885315,1790751909.991676,0.3946223411989433,0.2960303843286883,False,0.6336051102052555,,5.0,6.477732793522267
11.323290824890137,1790751910.0369039,0.3781724363255512,0.296026964322637,False,0.6228782678989563,,5.0,6.451612903225806
11.370259761810303,1790751910.0838728,0.3777707977444722,0.29602354431658573,False,0.6466940142967351,,5.0,6.425702811244979
11.415323972702026,1790751910.128937,0.3834852686958229,0.29600868535504615,False,0.6382376675909786,,5.0,6.4
11.461774349212646,1790751910.1753874,0.3986753718380839,0.29602354431658573,False,0.6276989566568726,,5.0,6.374501992031872
11.506964921951294,1790751910.220578,0.3937274133508287,0.29600868535504615,False,0.6351093482264074,,5.0,6.349206349206349
11.552469730377197,1790751910.2660828,0.38771318246493525,0.2959938263935066,False,0.6509021455546942,,5.0,6.324110671936759
11.598546266555786,1790751910.3121593,0.394692786615112,0.2960067081774203,False,0.6284827865111693,,5.0,6.299212598425196
11.642746448516846,1790751910.3563595,0.4084268606632693,0.296019589961334,False,0.6443846034391516,,5.0,6.2745098039215685
11.687116622924805,1790751910.4007297,0.39774323425174196,0.2960215671389599,False,0.636554836355648,,5.0,6.25
11.733881950378418,1790751910.447495,0.39964405280059545,0.29602354431658573,False,0.6407143476469883,,5.0,6.22568093385214
11.778669357299805,1790751910.4922824,0.39546158001115395,0.296026964322637,False,0.6408197396539728,,5.0,6.2015503875969
11.82416844367981,1790751910.5377815,0.40444457121942123,0.2960303843286883,False,0.6130583430341895,,5.0,6.177606177606178
11.869386196136475,1790751910.5829992,0.39932545951144943,0.2962022853879757,False,0.6316313700003472,,5.0,6.153846153846154
11.91561484336853,1790751910.6292279,0.39516145070014974,0.2963710880251123,False,0.6361316409511779,,5.0,6.130268199233716
11.961499214172363,1790751910.6751122,0.4012742336253545,0.29637263723618773,False,0.6367492508916712,,5.0,6.106870229007633
12.007273197174072,1790751910.7208862,0.39537206502135064,0.2963741864472631,False,0.6200905956670403,,5.0,6.083650190114068
12.051021575927734,1790751910.7646346,0.4160238975049594,0.2964074695343278,False,0.6319270898144594,,5.0,6.0606060606060606
12.096995115280151,1790751910.8106081,0.394692786615112,0.2963741864472631,False,0.6336236581108877,,5.0,6.037735849056604
12.143138885498047,1790751910.856752,0.4038477644203241,0.2964074695343278,False,0.6341277851602404,,5.0,6.015037593984962
12.186644077301025,1790751910.900257,0.40461998601362703,0.2964407526213924,False,0.6383141888053161,,5.0,5.992509363295881
12.231971025466919,1790751910.945584,0.40344683226574285,0.2964849006937027,False,0.6428944788086014,,5.0,5.970149253731343
12.275520086288452,1790751910.9891331,0.3947376815763135,0.2964407526213924,False,0.6237858109914814,,5.0,5.947955390334572
12.319246768951416,1790751911.0328598,0.40029223753026816,0.2964849006937027,False,0.617683109194098,,5.0,5.9259259259259265
12.365569829940796,1790751911.0791829,0.4025740501648353,0.296529048766013,False,0.6374104999140159,,5.0,5.904059040590406
12.410654783248901,1790751911.1242678,0.41195503964700486,0.2965626168871892,False,0.6251328010095584,,5.0,5.88235294117647
12.454599380493164,1790751911.1682124,0.4006738124361333,0.2965961850083655,False,0.6352293964073968,,5.0,5.86080586080586
12.49948263168335,1790751911.2130957,0.40404622942108714,0.2965961850083655,False,0.6423365933916783,,5.0,5.839416058394161
12.544280767440796,1790751911.2578938,0.4034552174554431,0.2965961850083655,False,0.634607278485928,,5.0,5.818181818181818
12.589998006820679,1790751911.303611,0.39649925164309446,0.29667620213540724,False,0.6306818046188744,,5.0,5.797101449275362
12.636971712112427,1790751911.3505847,0.40478251809477805,0.2967562192624491,False,0.6298803729568982,,5.0,5.776173285198556
12.681131362915039,1790751911.3947444,0.40788933986965936,0.29695866741419835,False,0.6493216488676514,,5.0,5.755395683453238
12.725618362426758,1790751911.4392314,0.394522681688546,0.2967562192624491,False,0.6380419953505403,,5.0,5.734767025089606
12.770870208740234,1790751911.4844832,0.39997659846471245,0.29695866741419835,False,0.6564586762834408,,5.0,5.714285714285714
12.81437611579895,1790751911.5279891,0.4177502078833609,0.2971611155659476,False,0.6332110505105035,,5.0,5.6939501779359425
12.858787298202515,1790751911.5724003,0.4000669294987651,0.2972677771491342,False,0.6534717449592186,,5.0,5.673758865248227
12.90459132194519,1790751911.6182044,0.40845359864878666,0.29737443873232083,False,0.649878425572389,,5.0,5.6537102473498235
12.948093891143799,1790751911.661707,0.41299086178128075,0.29741739074158413,False,0.6326123459079631,,5.0,5.633802816901409
12.992504596710205,1790751911.7061176,0.40079816261479506,0.29746034275084743,False,0.6284997656154786,,5.0,5.614035087719298
13.03795337677002,1790751911.7515664,0.4084190129420421,0.2974892017189768,False,0.6521607983268236,,5.0,5.594405594405594
13.083716630935669,1790751911.7973297,0.39914518332375626,0.29751806068710623,False,0.6314874166534278,,5.0,5.574912891986063
13.131678342819214,1790751911.8452914,0.41275831885549896,0.2975454570325129,False,0.6558005451239045,,5.0,5.555555555555555
13.178243398666382,1790751911.8918564,0.3966295844885534,0.29751806068710623,False,0.6381956918233006,,5.0,5.536332179930796
13.223917007446289,1790751911.93753,0.4005642457838666,0.2975454570325129,False,0.6364904125549217,,5.0,5.517241379310345
13.270479917526245,1790751911.984093,0.41414406243029267,0.2975728533779196,False,0.6377801389194333,,5.0,5.498281786941581
13.315735340118408,1790751912.0293484,0.40193118363212577,0.2977326880888303,False,0.6428944788086014,,5.0,5.47945205479452
13.362299919128418,1790751912.075913,0.40905133103502567,0.297892522799741,False,0.6521661897684033,,5.0,5.460750853242321
13.408170223236084,1790751912.1217833,0.41856337226077345,0.29791305531982565,False,0.6651555178567813,,5.0,5.442176870748299
13.453429698944092,1790751912.1670427,0.4006673450067809,0.29793358783991036,False,0.6269401697933459,,5.0,5.423728813559322
13.501463890075684,1790751912.215077,0.41217336177155484,0.2981205067643584,False,0.6350854546420703,,5.0,5.405405405405405
13.546988725662231,1790751912.2606018,0.4066702583532662,0.29830742568880647,False,0.6333504034341692,,5.0,5.387205387205387
13.593103170394897,1790751912.3067162,0.417184466465788,0.29833885054878867,False,0.6333504034341692,,5.0,5.369127516778524
13.6385817527771,1790751912.3521948,0.40073282965077617,0.29837027540877087,False,0.6322333390311887,,5.0,5.351170568561873
13.683582067489624,1790751912.397195,0.4086631190173976,0.2984341187841227,False,0.6390089614044785,,5.0,5.333333333333334
13.729259252548218,1790751912.4428723,0.4173904074225935,0.29849796215947455,False,0.6526155547972029,,5.0,5.3156146179401995
13.773248672485352,1790751912.4868617,0.4254205252273283,0.2985966671440273,False,0.6179606377952936,,5.0,5.298013245033113
13.818407773971558,1790751912.5320208,0.4179060838569737,0.29869537212858,False,0.6222146410623541,,5.0,5.2805280528052805
13.864912033081055,1790751912.578525,0.40954621211799613,0.298803638337297,False,0.6350854546420703,,5.0,5.263157894736842
13.91019344329834,1790751912.6238065,0.4263772312364452,0.298911904546014,False,0.6322738930843376,,5.0,5.245901639344262
13.95764684677124,1790751912.6712599,0.41400082648891984,0.2989592167122885,False,0.6363259262362183,,5.0,5.228758169934641
14.0031418800354,1790751912.716755,0.4120092201536968,0.29900652887856294,False,0.6441255613350308,,5.0,5.211726384364821
14.050036191940308,1790751912.7636492,0.4265365488749794,0.29902385186316116,False,0.6491891635601634,,5.0,5.194805194805195
14.095620155334473,1790751912.8092332,0.39569585603324964,0.29900652887856294,False,0.6277384391224402,,5.0,5.177993527508091
14.1422700881958,1790751912.8558831,0.41460918884998876,0.29902385186316116,False,0.6313212931100932,,5.0,5.161290322580645
14.187075853347778,1790751912.900689,0.42698993676956154,0.2990411748477595,False,0.6460679763184193,,5.0,5.144694533762058
14.234877347946167,1790751912.9484904,0.39285900526899187,0.29902385186316116,False,0.6155062833181636,,5.0,5.128205128205128
14.281739711761475,1790751912.9953527,0.40955707656408047,0.2990411748477595,False,0.636554836355648,,5.0,5.111821086261981
14.327499866485596,1790751913.041113,0.4128354149688058,0.29905343368287735,False,0.6275467757993738,,5.0,5.095541401273886
14.373862028121948,1790751913.087475,0.40524180562181444,0.29906569251799525,False,0.6357253324675682,,5.0,5.079365079365079
14.420449018478394,1790751913.134062,0.4171017996775954,0.2991439274551949,False,0.6533473158635813,,5.0,5.063291139240507
14.468197345733643,1790751913.1818104,0.41332261804126635,0.29922216239239463,False,0.6179606377952936,,5.0,5.047318611987381
14.513173341751099,1790751913.2267864,0.41751292169582854,0.2992396910972008,False,0.6282026418013252,,5.0,5.031446540880504
14.558753252029419,1790751913.2723663,0.4193093896780534,0.2992572198020069,False,0.6516935017660739,,5.0,5.015673981191222
14.603914022445679,1790751913.317527,0.4096727016178505,0.2993080536474121,False,0.627727971460444,,5.0,5.0
14.651012897491455,1790751913.364626,0.4186695628669969,0.2993588874928172,False,0.630993145390946,,5.0,4.984423676012461
14.699427366256714,1790751913.4130404,0.40600973352994996,0.2993888152652857,False,0.6423242188504131,,5.0,4.968944099378882
14.744830846786499,1790751913.4584439,0.41384161706878,0.2994187430377542,False,0.6266977237151068,,5.0,4.953560371517028
14.793561220169067,1790751913.5071743,0.4223067039004083,0.29943922965312003,False,0.6521661897684033,,5.0,4.938271604938271
14.841361999511719,1790751913.554975,0.406135253508493,0.2994597162684859,False,0.6474554523897985,,5.0,4.923076923076923
14.889017820358276,1790751913.6026309,0.41178330239657923,0.29946853181340316,False,0.6379001294243063,,5.0,4.9079754601226995
14.936311721801758,1790751913.6499248,0.40364662648579686,0.29947734735832043,False,0.6459269965501582,,5.0,4.892966360856269
14.983365535736084,1790751913.6969786,0.4067689606918197,0.29948339024622783,False,0.6353339471874145,,5.0,4.878048780487805
15.031884908676147,1790751913.745498,0.4092099294547983,0.29948943313413523,False,0.6442998388906652,,5.0,4.86322188449848
15.082632541656494,1790751913.7962456,0.4227905873461515,0.2994917638838611,False,0.6505874781697825,,5.0,4.848484848484849
15.128347635269165,1790751913.8419607,0.4089167121031775,0.29949409463358706,False,0.6272372543199896,,5.0,4.833836858006042
15.1730797290802,1790751913.8866928,0.39787914704878424,0.2994917638838611,False,0.6350225968718689,,5.0,4.819277108433735
15.219339847564697,1790751913.932953,0.40723257644319943,0.29949409463358706,False,0.6312990413917142,,5.0,4.804804804804805
15.266078472137451,1790751913.9796915,0.30870527007759196,0.2994917638838611,False,0.6329290567105914,,5.0,4.790419161676647
15.310240745544434,1790751914.0238538,0.21864684126693,0.29948943313413523,True,0.6214140187594559,,5.0,5.074626865671641
15.35473084449768,1790751914.0683439,0.2797029265109081,0.29948339024622783,True,0.6275657654743135,,5.0,5.357142857142857
15.401447772979736,1790751914.1150608,0.31215973721404633,0.29947734735832043,False,0.6316720534909828,91.20702743530273,6.0,5.341246290801187
15.446343183517456,1790751914.1599562,0.3591400448830507,0.29946853181340316,False,0.6465211573770733,,6.0,5.325443786982249
15.492473363876343,1790751914.2060864,0.36555773525325724,0.2994597162684859,False,0.6329417210727605,,6.0,5.3097345132743365
15.53943419456482,1790751914.2530472,0.3931929404453628,0.29943922965312003,False,0.6521661897684033,,6.0,5.294117647058823
15.585113525390625,1790751914.2987266,0.3759667083146108,0.2994187430377542,False,0.6411319606346056,,6.0,5.278592375366569
15.63159441947937,1790751914.3452075,0.3813752529416117,0.2993888152652857,False,0.630993145390946,,6.0,5.263157894736842
15.67750096321106,1790751914.391114,0.35722691572786014,0.2993588874928172,False,0.6272946089853562,,6.0,5.247813411078718
15.723180294036865,1790751914.4367933,0.22024796100721222,0.2993080536474121,True,0.6114797103188965,,6.0,5.523255813953488
15.76907467842102,1790751914.4826877,0.1637363383617926,0.2992572198020069,True,0.6022325610805008,,6.0,5.797101449275362
15.813737154006958,1790751914.5273502,0.2793688136595478,0.2992396910972008,True,0.6110669800130749,,6.0,6.069364161849711
15.859973192214966,1790751914.5735862,0.3029276298118009,0.29922216239239463,False,0.6256911284982811,136.7928981781006,7.0,6.051873198847262
15.90527892112732,1790751914.618892,0.35118228742901,0.2991439274551949,False,0.647599443373985,,7.0,6.0344827586206895
15.949845552444458,1790751914.6634586,0.373534971935869,0.29906569251799525,False,0.6377682816875948,,7.0,6.017191977077363
15.997133731842041,1790751914.7107468,0.37255595078243575,0.29905343368287735,False,0.6564468000377541,,7.0,6.0
16.041855812072754,1790751914.7554688,0.38052445942301527,0.2990411748477595,False,0.661575569757471,,7.0,5.982905982905983
16.085934162139893,1790751914.7995472,0.3828295373761801,0.29902385186316116,False,0.6479048174185981,,7.0,5.965909090909091
16.132413864135742,1790751914.846027,0.37553964037388293,0.29900652887856294,False,0.6361312884639974,,7.0,5.94900849858357
16.177193641662598,1790751914.8908067,0.3966137903344632,0.2989592167122885,False,0.6597969776468826,,7.0,5.932203389830509
16.222461223602295,1790751914.9360743,0.38364875239603446,0.298911904546014,False,0.6315887889612128,,7.0,5.915492957746479
16.267741441726685,1790751914.9813545,0.3887405667752907,0.298803638337297,False,0.6444378725788377,,7.0,5.8988764044943816
16.31327748298645,1790751915.0268905,0.37650669620759497,0.29869537212858,False,0.6503320663821399,,7.0,5.88235294117647
16.35782742500305,1790751915.0714405,0.3906266437790494,0.2985966671440273,False,0.6483428021833892,,7.0,5.865921787709497
16.403395652770996,1790751915.1170087,0.3939452898295466,0.29849796215947455,False,0.6626935989501407,,7.0,5.8495821727019495
16.44699215888977,1790751915.1606052,0.38990619946203986,0.29845366122303135,False,0.6558542840570635,,7.0,5.833333333333333
16.492379188537598,1790751915.2059922,0.38638285781593307,0.29840936028658815,False,0.6278906664585282,,7.0,5.8171745152354575
16.53730297088623,1790751915.250916,0.3851194239242969,0.29838981784767954,False,0.6337419432422436,,7.0,5.801104972375691
16.583237648010254,1790751915.2968507,0.38848170458104714,0.29837027540877087,False,0.6417278781961426,,7.0,5.785123966942149
16.630085945129395,1790751915.343699,0.39369052215031997,0.29833885054878867,False,0.6380481456641517,,7.0,5.769230769230769
16.674644947052002,1790751915.388258,0.3990096264026759,0.29837027540877087,False,0.6344463151080117,,7.0,5.7534246575342465
16.721683502197266,1790751915.4352965,0.4118442558683271,0.29838981784767954,False,0.6488680076462143,,7.0,5.737704918032787
16.771843433380127,1790751915.4854565,0.392461826448229,0.29837027540877087,False,0.6436941798683287,,7.0,5.722070844686648
16.81886053085327,1790751915.5324736,0.3969849345053972,0.29833885054878867,False,0.6470382219043648,,7.0,5.706521739130435
16.867716550827026,1790751915.5813296,0.38938268284230293,0.29830742568880647,False,0.6529899876111859,,7.0,5.691056910569105
16.913721323013306,1790751915.6273344,0.3914784417712643,0.2981205067643584,False,0.6386548350212236,,7.0,5.675675675675676
16.962297677993774,1790751915.6759107,0.3942961899623915,0.29793358783991036,False,0.6524651581735469,,7.0,5.660377358490567
17.00763440132141,1790751915.7212474,0.39988431578205985,0.2981205067643584,False,0.6427515339532917,,7.0,5.64516129032258
17.053600072860718,1790751915.767213,0.399577521781768,0.29830742568880647,False,0.6438400727964432,,7.0,5.630026809651475
17.09952425956726,1790751915.8131373,0.39240353293164576,0.2981205067643584,False,0.6420012584630486,,7.0,5.614973262032086
17.14531970024109,1790751915.8589327,0.3914784417712643,0.29793358783991036,False,0.6488902674009491,,7.0,5.6000000000000005
17.190881490707397,1790751915.9044945,0.3877454543131157,0.29791305531982565,False,0.6236443309483762,,7.0,5.585106382978723
17.23695421218872,1790751915.9505672,0.39137329523625064,0.297892522799741,False,0.64745583376144,,7.0,5.570291777188329
17.282254457473755,1790751915.9958675,0.4036263715619339,0.29791305531982565,False,0.6456693204729047,,7.0,5.555555555555555
17.327463388442993,1790751916.0410764,0.3957060812579144,0.297892522799741,False,0.6381956918233006,,7.0,5.540897097625329
17.372605562210083,1790751916.0862186,0.3876430708640813,0.2978156118393944,False,0.6424670686728955,,7.0,5.526315789473684
17.42332625389099,1790751916.1369393,0.3968468833054809,0.29773870087904786,False,0.6376264766204306,,7.0,5.511811023622047
17.47309923171997,1790751916.1867123,0.39542621075373785,0.2976869316790793,False,0.6380419953505403,,7.0,5.49738219895288
17.5241756439209,1790751916.2377887,0.4078523907840553,0.29773870087904786,False,0.6640681577909509,,7.0,5.483028720626632
17.573463916778564,1790751916.287077,0.39005124055287876,0.2976869316790793,False,0.6474620113415228,,7.0,5.46875
17.61845588684082,1790751916.332069,0.3964939741171897,0.2976351624791107,False,0.6393264126366104,,7.0,5.454545454545454
17.663522243499756,1790751916.3771353,0.3877619787786952,0.29760400792851516,False,0.6377682816875948,,7.0,5.4404145077720205
17.707090139389038,1790751916.4207032,0.39638232373427007,0.2975728533779196,False,0.6551029519610232,,7.0,5.426356589147287
17.75072932243347,1790751916.4643424,0.4054544772806916,0.29760400792851516,False,0.6428944788086014,,7.0,5.412371134020619
17.79561495780945,1790751916.509228,0.39638888160968755,0.2975728533779196,False,0.6490150732195192,,7.0,5.3984575835475574
17.839811325073242,1790751916.5534244,0.4049671228573902,0.29760400792851516,False,0.6412159462202728,,7.0,5.384615384615385
17.884288787841797,1790751916.5979018,0.3910503063317008,0.2975728533779196,False,0.6448101743793804,,7.0,5.3708439897698215
17.9293794631958,1790751916.6429925,0.39600257248336906,0.2975454570325129,False,0.6330536984851372,,7.0,5.357142857142857
17.97574281692505,1790751916.6893559,0.40107985464233387,0.2975728533779196,False,0.6465132421506847,,7.0,5.343511450381679
18.020613431930542,1790751916.7342265,0.4013004309899339,0.29760400792851516,False,0.644116392315203,,7.0,5.32994923857868
18.066638946533203,1790751916.780252,0.3919698434050849,0.2975728533779196,False,0.6552154278875044,,7.0,5.3164556962025316
18.11147141456604,1790751916.8250844,0.40130542985921147,0.29760400792851516,False,0.6562872569116521,,7.0,5.303030303030303
18.15948462486267,1790751916.8730977,0.3921435879143931,0.2975728533779196,False,0.6302606399802626,,7.0,5.289672544080604
18.207143545150757,1790751916.9207566,0.3967034988572432,0.297550238760426,False,0.6455405728261521,,7.0,5.276381909547738
18.253854274749756,1790751916.9674673,0.40752744934684665,0.2975728533779196,False,0.647606263832583,,7.0,5.263157894736842
18.299883365631104,1790751917.0134964,0.40533039441234614,0.29760400792851516,False,0.6554804772999632,,7.0,5.25
18.34744644165039,1790751917.0610595,0.39186639879292795,0.2975728533779196,False,0.6458875590888862,,7.0,5.236907730673317
18.403279304504395,1790751917.1168923,0.39610361161729035,0.297550238760426,False,0.6326995722641644,,7.0,5.223880597014925
18.450480222702026,1790751917.1640933,0.39183393661252136,0.29752762414293243,False,0.6418522337870942,,7.0,5.2109181141439205
18.497745037078857,1790751917.211358,0.3944830592010135,0.2975228424150193,False,0.662103950954576,,7.0,5.198019801980198
18.543333053588867,1790751917.256946,0.4140898271457051,0.29752762414293243,False,0.6502323682752678,,7.0,5.185185185185185
18.588972091674805,1790751917.3025851,0.4016419811274774,0.297550238760426,False,0.6412197975559811,,7.0,5.172413793103448
18.636876583099365,1790751917.3504896,0.40459147076136415,0.2975728533779196,False,0.6143006910593636,,7.0,5.159705159705159
18.684046506881714,1790751917.3976595,0.4045093548901266,0.29760400792851516,False,0.636588247172246,,7.0,5.147058823529411
18.731887340545654,1790751917.4455004,0.3904804526808309,0.2975728533779196,False,0.6534581192032517,,7.0,5.134474327628362
18.78259539604187,1790751917.4962084,0.40988073092783106,0.29760400792851516,False,0.6327557018232368,,7.0,5.121951219512195
18.829593420028687,1790751917.5432065,0.4030379438628078,0.2976351624791107,False,0.6340782100449015,,7.0,5.109489051094891
18.876314640045166,1790751917.5899277,0.4131464447289931,0.2976869316790793,False,0.652891779487998,,7.0,5.097087378640777
18.92060112953186,1790751917.6342142,0.39252487521746615,0.2976351624791107,False,0.6327799482872538,,7.0,5.084745762711865
18.96846032142639,1790751917.6820734,0.3970746465890004,0.2976869316790793,False,0.6375239484331867,,7.0,5.072463768115942
19.01212739944458,1790751917.7257404,0.3884161040327331,0.2976351624791107,False,0.6378534101543067,,7.0,5.0602409638554215
19.056180477142334,1790751917.7697935,0.4134019363850856,0.2976869316790793,False,0.6624048609284522,,7.0,5.048076923076923
19.102620840072632,1790751917.8162339,0.4055682410080348,0.29773870087904786,False,0.64675366270759,,7.0,5.0359712230215825
19.147853136062622,1790751917.8614662,0.40566821596324343,0.2977723429103991,False,0.6468630948212452,,7.0,5.023923444976076
19.194499969482422,1790751917.908113,0.390508817525883,0.29773870087904786,False,0.644924080704453,,7.0,5.011933174224343
19.23848605155945,1790751917.952099,0.40478251809477805,0.2977723429103991,False,0.641490989565296,,7.0,5.0
19.28297758102417,1790751917.9965906,0.4007080225217494,0.29780598494175026,False,0.6566949708514647,,7.0,4.98812351543943
19.328457355499268,1790751918.0420704,0.4035156895895702,0.2978492538707456,False,0.6411700936790626,,7.0,4.976303317535545
19.373291492462158,1790751918.0869045,0.39117204880534406,0.29780598494175026,False,0.6489481797494397,,7.0,4.964539007092199
19.41829228401184,1790751918.1319053,0.4127496692428654,0.2978492538707456,False,0.646398282943507,,7.0,4.952830188679245
19.463176250457764,1790751918.1767893,0.4126678537940931,0.297892522799741,False,0.6518932843770988,,7.0,4.941176470588235
19.508474111557007,1790751918.2220871,0.4035379866916642,0.29791305531982565,False,0.642231142163385,,7.0,4.929577464788732
19.554160118103027,1790751918.2677732,0.3993681475325931,0.29793358783991036,False,0.614092235612579,,7.0,4.918032786885246
19.60020923614502,1790751918.3138223,0.40357579264163074,0.2981205067643584,False,0.6482763565046813,,7.0,4.906542056074766
19.644277095794678,1790751918.3578901,0.409415567369637,0.29830742568880647,False,0.6530527545159854,,7.0,4.895104895104895
19.68799877166748,1790751918.4016118,0.4004294780596288,0.29833885054878867,False,0.626477706025209,,7.0,4.883720930232558
19.733545541763306,1790751918.4471586,0.40758673320248273,0.29837027540877087,False,0.6417363504658168,,7.0,4.872389791183294
19.778241395950317,1790751918.4918544,0.39620405333795283,0.29833885054878867,False,0.635152847164994,,7.0,4.861111111111112
19.82368803024292,1790751918.537301,0.41252454526709803,0.29837027540877087,False,0.652890521555225,,7.0,4.849884526558892
19.868061542510986,1790751918.5816746,0.3945818327987919,0.29833885054878867,False,0.6703299273613921,,7.0,4.838709677419355
19.91267967224121,1790751918.6262927,0.4000623299917462,0.29837027540877087,False,0.6386713630405485,,7.0,4.827586206896552
19.957711935043335,1790751918.671325,0.40768409069697015,0.29838981784767954,False,0.6430902835124133,,7.0,4.81651376146789
20.005411863327026,1790751918.719025,0.4075573274307255,0.29840936028658815,False,0.6481642503192034,,7.0,4.805491990846682
20.049825191497803,1790751918.7634382,0.40013178950756856,0.29845366122303135,False,0.6313520963629794,,7.0,4.794520547945205
20.0963397026062,1790751918.8099527,0.41173099649968975,0.29849796215947455,False,0.6595237436629205,,7.0,4.783599088838269
20.141698837280273,1790751918.8553119,0.40759836875197886,0.2985966671440273,False,0.6327557018232368,,7.0,4.772727272727273
20.185999870300293,1790751918.899613,0.39844623189012657,0.29869537212858,False,0.6608041242819719,,7.0,4.761904761904762
20.233043909072876,1790751918.946657,0.39086413997299774,0.2985966671440273,False,0.6318093928062082,,7.0,4.751131221719457
20.27739119529724,1790751918.9910042,0.3903717669672507,0.29849796215947455,False,0.6217268710441745,,7.0,4.740406320541761
20.3218674659729,1790751919.0354805,0.40426632896037695,0.2985966671440273,False,0.6357436573286175,,7.0,4.72972972972973
20.367295265197754,1790751919.0809083,0.38311974108744573,0.29849796215947455,False,0.6417692644721628,,7.0,4.719101123595506
20.413994789123535,1790751919.1276078,0.3956796714796406,0.29845366122303135,False,0.631538200796893,,7.0,4.708520179372197
20.461649179458618,1790751919.1752622,0.3819394715187878,0.29840936028658815,False,0.6327840241662465,,7.0,4.697986577181208
20.50687575340271,1790751919.2204888,0.3953263837380201,0.29838981784767954,False,0.6298564260336394,,7.0,4.6875
20.552191972732544,1790751919.265805,0.40490306297576667,0.29840936028658815,False,0.6266791991667177,,7.0,4.67706013363029
20.598615169525146,1790751919.3122282,0.4034458508230078,0.29845366122303135,False,0.6371948380805263,,7.0,4.666666666666667
20.643672943115234,1790751919.357286,0.39532655197531974,0.29840936028658815,False,0.631538200796893,,7.0,4.656319290465632
20.689964294433594,1790751919.4035773,0.40654382302466086,0.29845366122303135,False,0.64524715067418,,7.0,4.646017699115045
20.735885620117188,1790751919.4494987,0.40465500617958516,0.29849796215947455,False,0.6301088629879559,,7.0,4.635761589403973
20.779388189315796,1790751919.4930012,0.3908635019939259,0.29845366122303135,False,0.6420239832820529,,7.0,4.6255506607929515
20.82383441925049,1790751919.5374475,0.3960967105970993,0.29840936028658815,False,0.6327557018232368,,7.0,4.615384615384616
20.8699848651886,1790751919.583598,0.3921867030597984,0.29838981784767954,False,0.6532628165062583,,7.0,4.605263157894736
20.914053440093994,1790751919.6276665,0.4094755598173141,0.29840936028658815,False,0.627908970152382,,7.0,4.595185995623632
20.960687160491943,1790751919.6743002,0.41252454526709803,0.29845366122303135,False,0.6321510116269513,,7.0,4.585152838427948
21.00575065612793,1790751919.7193637,0.4030744824930076,0.29849796215947455,False,0.6286360154197843,,7.0,4.57516339869281
21.050246477127075,1790751919.7638595,0.40982288404912137,0.2985966671440273,False,0.6112634019134351,,7.0,4.565217391304348
21.095420122146606,1790751919.8090332,0.40009180312055276,0.29869537212858,False,0.6158877720818458,,7.0,4.55531453362256
21.139320135116577,1790751919.8529332,0.3940581785859061,0.2985966671440273,False,0.6229465140071005,,7.0,4.545454545454546
21.182894706726074,1790751919.8965077,0.40587366134744995,0.29869537212858,False,0.6226541319810118,,7.0,4.535637149028078
21.227632761001587,1790751919.9412458,0.3992929914819572,0.29876502302308744,False,0.6144447045992376,,7.0,4.525862068965517
21.27151346206665,1790751919.9851265,0.40834477564417954,0.29883467391759494,False,0.6264694526985943,,7.0,4.516129032258064
21.31617259979248,1790751920.0297856,0.40597853857475164,0.29887328923180445,False,0.630836046822464,,7.0,4.506437768240343
21.361267805099487,1790751920.0748808,0.39055203423273954,0.29883467391759494,False,0.6408181758140735,,7.0,4.496788008565311
21.405413150787354,1790751920.1190262,0.4117248690714985,0.29887328923180445,False,0.6123590450418274,,7.0,4.487179487179487
21.449939966201782,1790751920.163553,0.39961502284447253,0.298911904546014,False,0.622710256089028,,7.0,4.477611940298507
21.495644092559814,1790751920.2092571,0.3863561171934573,0.29887328923180445,False,0.6370239365190021,,7.0,4.468085106382979
21.540390491485596,1790751920.2540035,0.3831164620674301,0.29883467391759494,False,0.6310390848754575,,7.0,4.45859872611465
21.58544611930847,1790751920.2990592,0.38006394921113085,0.29876502302308744,False,0.6529582977154718,,7.0,4.4491525423728815
21.63186264038086,1790751920.3454757,0.3868732791792411,0.29869537212858,False,0.621727672176679,,7.0,4.439746300211417
21.677024364471436,1790751920.3906374,0.3827545429958631,0.2985966671440273,False,0.655880953129681,,7.0,4.430379746835443
21.722353219985962,1790751920.4359663,0.38428448578597485,0.29849796215947455,False,0.6464518756970448,,7.0,4.421052631578947
21.768723249435425,1790751920.4823363,0.380801344181047,0.29845366122303135,False,0.6371035488179616,,7.0,4.411764705882353
21.813576698303223,1790751920.5271897,0.38838087307401825,0.29840936028658815,False,0.6405699931388559,,7.0,4.40251572327044
21.86107301712036,1790751920.574686,0.4024994702310761,0.29845366122303135,False,0.6369901751096492,,7.0,4.393305439330543
21.906158924102783,1790751920.619772,0.3983066775629752,0.29849796215947455,False,0.6491273730928819,,7.0,4.3841336116910234
21.951468467712402,1790751920.6650815,0.38939051250986967,0.29845366122303135,False,0.6430545583546426,,7.0,4.375
21.998042345046997,1790751920.7116554,0.3947342753304469,0.29840936028658815,False,0.6430545583546426,,7.0,4.365904365904366
22.042463064193726,1790751920.756076,0.3935865611492544,0.29838981784767954,False,0.6475124237580147,,7.0,4.356846473029045
22.087164163589478,1790751920.8007772,0.3912254130434477,0.29837027540877087,False,0.6506276832976362,,7.0,4.3478260869565215
22.1320903301239,1790751920.8457034,0.31053114054027864,0.29833885054878867,False,0.6229156622448938,,7.0,4.338842975206612
22.17722773551941,1790751920.8908408,0.12251799855167644,0.29830742568880647,True,0.6262059208263119,,7.0,4.536082474226804
22.222158193588257,1790751920.9357712,0.1381699646774046,0.2981205067643584,True,0.6356568468065221,,7.0,4.732510288065844
22.268122911453247,1790751920.981736,0.2410431420828381,0.29793358783991036,True,0.6228487438603586,,7.0,4.9281314168377826
22.315014600753784,1790751921.0286276,0.2774896349009089,0.29791305531982565,True,0.6321679455729082,,7.0,5.122950819672131
22.364556074142456,1790751921.078169,0.30099825038878486,0.297892522799741,False,0.6123789572867125,187.32833862304688,8.0,5.112474437627812
22.409459114074707,1790751921.1230721,0.3268822701571445,0.2978492538707456,False,0.6369353436649031,,8.0,5.1020408163265305
22.456432104110718,1790751921.1700451,0.32575445340244513,0.29780598494175026,False,0.6320666442072691,,8.0,5.091649694501019
22.50339961051941,1790751921.2170126,0.3510726824249274,0.2977723429103991,False,0.6555153877099827,,8.0,5.08130081300813
22.547374963760376,1790751921.260988,0.356040849957163,0.29773870087904786,False,0.6326436715159678,,8.0,5.070993914807302
22.595402240753174,1790751921.3090153,0.3658700958515021,0.2976869316790793,False,0.6323047286149134,,8.0,5.060728744939271
22.641512393951416,1790751921.3551254,0.35899753128138717,0.2976351624791107,False,0.6383550832028235,,8.0,5.05050505050505
22.687309503555298,1790751921.4009225,0.36903521198838735,0.29760400792851516,False,0.6264501834627626,,8.0,5.040322580645161
22.734514474868774,1790751921.4481275,0.3545985016752534,0.2975728533779196,False,0.6276441014564348,,8.0,5.030181086519115
22.78031897544861,1790751921.493932,0.17761253644471664,0.297550238760426,True,0.6276441014564348,,8.0,5.220883534136546
22.82571291923523,1790751921.539326,0.17887340237701838,0.29752762414293243,True,0.6430902835124133,,8.0,5.410821643286573
22.87064790725708,1790751921.584261,0.2529729711524804,0.2975228424150193,True,0.6087313709406075,,8.0,5.6000000000000005
22.91562557220459,1790751921.6292386,0.27510154092759637,0.29751806068710623,True,0.6323047286149134,,8.0,5.788423153692615
22.962239027023315,1790751921.675852,0.2944603624483015,0.29749512452676063,True,0.6310390848754575,,8.0,5.9760956175298805
23.007795572280884,1790751921.7214086,0.3126503085515587,0.29747218836641504,False,0.6275603355328743,227.4765968322754,9.0,5.964214711729622
23.053181409835815,1790751921.7667944,0.20619258832434167,0.2974662655586312,True,0.6084894552625447,,9.0,6.15079365079365
23.098933458328247,1790751921.8125465,0.15692130999915754,0.29746034275084743,True,0.6323595673784881,,9.0,6.336633663366337
23.145628929138184,1790751921.859242,0.18943318202485462,0.29746034275084743,True,0.6417019601336308,,9.0,6.521739130434782
23.1935453414917,1790751921.9071584,0.23785771252455218,0.29746034275084743,True,0.6216417315830887,,9.0,6.70611439842209
23.239844799041748,1790751921.9534578,0.31332740805502146,0.29741739074158413,False,0.643083424856625,186.66338920593262,10.0,6.692913385826772
23.28486967086792,1790751921.9984827,0.33837962534114624,0.29737443873232083,False,0.6383814958185458,,10.0,6.679764243614931
23.32960534095764,1790751922.0432184,0.3538105529092678,0.2973724596601065,False,0.6264775411579724,,10.0,6.666666666666667
23.37612795829773,1790751922.089741,0.3612706720853993,0.2973704805878923,False,0.6381864194002234,,10.0,6.653620352250488
23.42055630683899,1790751922.1341693,0.3629880039975433,0.29733107089757893,False,0.619200943901586,,10.0,6.640625
23.465720653533936,1790751922.1793337,0.36157599574334864,0.2972916612072657,False,0.6180776560275885,,10.0,6.627680311890838
23.50984525680542,1790751922.2234583,0.3713705007693945,0.2972892020039841,False,0.6276473468089477,,10.0,6.614785992217899
23.558355808258057,1790751922.2719688,0.38287824175003177,0.29728674280070255,False,0.6097678583097451,,10.0,6.601941747572816
23.60578227043152,1790751922.3193953,0.3866065547558999,0.2972239291833251,False,0.6323047286149134,,10.0,6.5891472868217065
23.65328574180603,1790751922.3668988,0.36720466929891926,0.2971611155659476,False,0.6264775411579724,,10.0,6.5764023210831715
23.70319175720215,1790751922.4168048,0.370925691774887,0.2971570777847061,False,0.6323047286149134,,10.0,6.563706563706563
23.754517316818237,1790751922.4681304,0.2580407832409609,0.29715304000346465,True,0.6278565680516314,,10.0,6.74373795761079
23.80324149131775,1790751922.5168545,0.16062748604591734,0.2971153743582162,True,0.620516608083351,,10.0,6.923076923076923
23.852416276931763,1790751922.5660293,0.2049910294360016,0.2970777087129678,True,0.6167666124178769,,10.0,7.1017274472168905
23.89955735206604,1790751922.6131704,0.24510350656626373,0.2970751208303961,True,0.6383575431814213,,10.0,7.2796934865900385
23.945910453796387,1790751922.6595235,0.3075163162623296,0.29707253294782443,False,0.6263958571660251,191.3931369781494,11.0,7.265774378585086
23.99404549598694,1790751922.7076585,0.33806357408566656,0.2970372311551756,False,0.6555763077648337,,11.0,7.251908396946565
24.041139125823975,1790751922.7547522,0.35454041969766914,0.2970019293625268,False,0.6479320055346245,,11.0,7.238095238095238
24.08715271949768,1790751922.8007658,0.36245161956062844,0.2968907451529813,False,0.6510162554450368,,11.0,7.224334600760455
24.137388706207275,1790751922.8510017,0.3621604756101171,0.2967795609434358,False,0.6383021796804064,,11.0,7.2106261859582546
24.1888906955719,1790751922.9025037,0.19122327036459089,0.2967757264841865,True,0.6383261348281764,,11.0,7.386363636363637
24.238279342651367,1790751922.9518924,0.16058500678818394,0.29677189202493726,True,0.6262435766593674,,11.0,7.561436672967864
24.287953853607178,1790751923.001567,0.20141741901633936,0.2967658228173338,True,0.6384104467038385,,11.0,7.735849056603773
24.33516240119934,1790751923.0487754,0.23806463920073898,0.29675975360973045,True,0.6252392928376287,,11.0,7.909604519774012
24.380715131759644,1790751923.0943282,0.303000660349999,0.29675798643608975,False,0.6459031497739512,191.82443618774414,12.0,7.894736842105263
24.42820978164673,1790751923.1418228,0.3244430787678526,0.2967562192624491,False,0.6443364327933507,,12.0,7.879924953095685
24.47448229789734,1790751923.1880953,0.3452009199637106,0.29667620213540724,False,0.6384104467038385,,12.0,7.865168539325842
24.52273726463318,1790751923.2363503,0.3594649006664369,0.2965961850083655,False,0.6288396456829564,,12.0,7.850467289719626
24.57008957862854,1790751923.2837026,0.36235792972544717,0.2965961850083655,False,0.6495341502180486,,12.0,7.835820895522389
24.621994972229004,1790751923.335608,0.3771220964387265,0.2965961850083655,False,0.6383550832028235,,12.0,7.82122905027933
24.669692277908325,1790751923.3833053,0.36570160326363493,0.2965829215368344,False,0.6268420971333001,,12.0,7.806691449814126
24.716553926467896,1790751923.430167,0.3763980821579331,0.2965696580653034,False,0.6386159458175124,,12.0,7.792207792207792
24.767653465270996,1790751923.4812665,0.3812579436563408,0.29654935341565813,False,0.6510162554450368,,12.0,7.777777777777778
24.814053773880005,1790751923.5276668,0.3865704412207483,0.296529048766013,False,0.657101186541156,,12.0,7.763401109057301
24.865808486938477,1790751923.5794215,0.3912663895344062,0.29651198137375134,False,0.6386159458175124,,12.0,7.7490774907749085
24.912336111068726,1790751923.6259491,0.3750797297987951,0.2964949139814898,False,0.6370522833400872,,12.0,7.734806629834254
24.963634967803955,1790751923.677248,0.3695705411414965,0.29649485089250244,False,0.6431420348859863,,12.0,7.720588235294118
25.012839794158936,1790751923.7264528,0.37613797526192627,0.29649478780351507,False,0.6325631187634794,,12.0,7.706422018348624
25.06311297416687,1790751923.776726,0.39322678602061734,0.29646777021245374,False,0.6340253065224843,,12.0,7.6923076923076925
25.111589670181274,1790751923.8252027,0.3938034914582339,0.2964407526213924,False,0.6529126653954377,,12.0,7.678244972577697
25.158170700073242,1790751923.8717837,0.3912889136982837,0.2964074695343278,False,0.6148302259581888,,12.0,7.664233576642336
25.201992988586426,1790751923.915606,0.378437426713383,0.2963741864472631,False,0.6380312596799114,,12.0,7.650273224043716
25.246538877487183,1790751923.960152,0.410305030159295,0.2964074695343278,False,0.6301041683310361,,12.0,7.636363636363637
25.293033599853516,1790751924.0066466,0.38757214637577947,0.2963741864472631,False,0.6409621346189848,,12.0,7.6225045372050815
25.33781123161316,1790751924.0514243,0.38104708097674395,0.29637263723618773,False,0.6346049270435552,,12.0,7.608695652173914
25.382498741149902,1790751924.0961118,0.3625515395310646,0.2963710880251123,False,0.6389558609937587,,12.0,7.59493670886076
25.428938627243042,1790751924.1425517,0.3665283527604055,0.2962121746036737,False,0.6411981260875347,,12.0,7.581227436823104
25.47435164451599,1790751924.1879647,0.34942543430138906,0.29605326118223513,False,0.6285872545436128,,12.0,7.567567567567568
25.519598245620728,1790751924.2332113,0.36172633449098684,0.29605198384003517,False,0.6171571153456136,,12.0,7.553956834532374
25.563766717910767,1790751924.2773798,0.37693310327893026,0.29605070649783516,False,0.6478141115989454,,12.0,7.5403949730700175
25.60805630683899,1790751924.3216693,0.3837111107192578,0.29604054541326175,False,0.6578285894921345,,12.0,7.526881720430108
25.652327299118042,1790751924.3659403,0.38252530381540806,0.2960303843286883,False,0.6381968340716362,,12.0,7.5134168157423975
25.69658899307251,1790751924.410202,0.37729614962427716,0.296026964322637,False,0.6403939767055883,,12.0,7.5
25.740309476852417,1790751924.4539225,0.35488952631083925,0.29602354431658573,False,0.6605085483233095,,12.0,7.4866310160427805
25.78507089614868,1790751924.498684,0.37941578142124205,0.2960215671389599,False,0.6782644023502131,,12.0,7.473309608540925
25.829593181610107,1790751924.5432062,0.3763047827257256,0.296019589961334,False,0.6754764628812775,,12.0,7.460035523978685
25.873602867126465,1790751924.587216,0.20140754211883768,0.296019589961334,True,0.6307036808396853,,12.0,7.624113475177305
25.918823719024658,1790751924.6324368,0.18940213915997495,0.296019589961334,True,0.6304346787547613,,12.0,7.787610619469026
25.963892459869385,1790751924.6775055,0.19432298667476952,0.2960067081774203,True,0.646837744260557,,12.0,7.950530035335689
26.008682250976562,1790751924.7222953,0.29795358301169356,0.2959938263935066,False,0.6932941661464013,135.07938385009766,13.0,7.936507936507936
26.05407977104187,1790751924.7676928,0.3186231639214071,0.29598029114635704,False,0.7479750326992225,,13.0,7.922535211267606
26.102503776550293,1790751924.8161168,0.3352963707656751,0.29596675589920746,False,0.7903073148969427,,13.0,7.9086115992970125
26.146644353866577,1790751924.8602574,0.3629833320452954,0.29596675589920746,False,0.8716588829900226,,13.0,7.894736842105263
26.192601203918457,1790751924.9062142,0.3676044805842157,0.29596675589920746,False,0.8865028165692582,,13.0,7.880910683012258
26.237361907958984,1790751924.950975,0.34246082362134905,0.29595156524915067,False,0.8424508461160135,,13.0,7.8671328671328675
26.282673120498657,1790751924.9962862,0.34706173142445984,0.29593637459909394,False,0.7290279841202828,,13.0,7.853403141361256
26.328489780426025,1790751925.0421028,0.34070866223917157,0.29592568414198406,False,0.7726419465394941,,13.0,7.8397212543554
26.373620748519897,1790751925.0872338,0.3486271074145566,0.2959149936848742,False,0.7356839707574324,,13.0,7.82608695652174
26.41945719718933,1790751925.1330702,0.35636147012353775,0.2959035024756418,False,0.7151468219484706,,13.0,7.8125
26.465601921081543,1790751925.179215,0.33577317366498294,0.2958920112664095,False,0.7433478815994992,,13.0,7.798960138648179
26.50994324684143,1790751925.2235563,0.35059380530838713,0.2958800184838563,False,0.6544276994013396,,13.0,7.7854671280276815
26.556805849075317,1790751925.270419,0.36176150528156636,0.29586802570130316,False,0.8305021198140881,,13.0,7.772020725388601
26.602505445480347,1790751925.3161185,0.3578287092613044,0.2958651600510317,False,0.8718546834199592,,13.0,7.758620689655173
26.647599458694458,1790751925.3612125,0.35878522653111034,0.2958622944007601,False,0.7067655025859635,,13.0,7.74526678141136
26.694055795669556,1790751925.4076688,0.36204199909786916,0.29582337694695643,False,0.8009211557221859,,13.0,7.731958762886598
26.73928451538086,1790751925.4528975,0.3668213289667511,0.29578445949315274,False,0.5838172861754428,,13.0,7.718696397941681
26.784531831741333,1790751925.4981449,0.36261215452440876,0.2957533009824732,False,0.4964056425401143,,13.0,7.705479452054795
26.830147981643677,1790751925.543761,0.36477239853599086,0.2957221424717936,False,0.4802768860786196,,13.0,7.6923076923076925
26.875861167907715,1790751925.5894742,0.37195485100819425,0.2956869161656952,False,0.4597223273695945,,13.0,7.679180887372014
26.92022967338562,1790751925.6338427,0.38171764030791566,0.2956516898595968,False,0.4837591023560706,,13.0,7.666098807495741
26.96631145477295,1790751925.6799245,0.36271183002592333,0.29559766189951314,False,0.5267364924388563,,13.0,7.653061224489796
27.01046395301819,1790751925.724077,0.35863100794214076,0.29554363393942956,False,0.565322127697308,,13.0,7.6400679117147705
27.056811571121216,1790751925.7704246,0.36137766084771755,0.2955013006557947,False,0.552857688887961,,13.0,7.627118644067797
27.101115942001343,1790751925.814729,0.377410143427712,0.29545896737215993,False,0.6016009658159265,,13.0,7.614213197969544
27.14649534225464,1790751925.8601084,0.3555830071177172,0.2954057929829177,False,0.6876756872210446,,13.0,7.601351351351352
27.193320989608765,1790751925.906934,0.37363474474689273,0.29535261859367545,False,0.7267016693713976,,13.0,7.588532883642496
27.240838527679443,1790751925.9544516,0.3787521237638761,0.2953424381418656,False,0.79453325235546,,13.0,7.575757575757576
27.286457061767578,1790751926.00007,0.3669689837149499,0.2953322576900558,False,0.7837594198666054,,13.0,7.563025210084033
27.331445693969727,1790751926.0450587,0.37424673971197187,0.2953139088515887,False,0.7867826534876567,,13.0,7.550335570469799
27.376490354537964,1790751926.0901034,0.38693759033030606,0.2952955600131215,False,0.7815237246751132,,13.0,7.537688442211055
27.422675132751465,1790751926.1362882,0.36012998387100714,0.2952862431139457,False,0.782391446337527,,13.0,7.5250836120401345
27.4677836894989,1790751926.1813967,0.37163620002850584,0.29527692621476986,False,0.7871780246657011,,13.0,7.512520868113523
27.5126953125,1790751926.2263083,0.36427684742117095,0.29527240891375495,False,0.7792337364789454,,13.0,7.5
27.559574842453003,1790751926.2731879,0.37841523439069236,0.29526789161274,False,0.7948980965799807,,13.0,7.487520798668886
27.606096744537354,1790751926.3197098,0.14441564149905828,0.2952289062373404,True,0.7215249230859418,,13.0,7.641196013289036
27.651429891586304,1790751926.365043,0.13884468723784882,0.2951899208619408,True,0.6969610209085266,,13.0,7.79436152570481
27.6974880695343,1790751926.411101,0.18724623194627865,0.29511642907615776,True,0.6988199684016642,,13.0,7.9470198675496695
27.742262363433838,1790751926.4558754,0.2739261808661556,0.2950429372903748,True,0.719326605361021,,13.0,8.099173553719009
27.789019107818604,1790751926.5026321,0.2889425945997237,0.2949971145497917,True,0.7331265889025831,,13.0,8.25082508250825
27.834519386291504,1790751926.5481324,0.32589510033576613,0.2949512918092087,False,0.7286957013583089,228.4226417541504,14.0,8.237232289950576
27.87939977645874,1790751926.5930128,0.3387983339489999,0.29494129478462755,False,0.7410537824054217,,14.0,8.223684210526317
27.925190448760986,1790751926.6388035,0.3492526196249224,0.2949312977600464,False,0.7166721196599348,,14.0,8.210180623973727
27.970760107040405,1790751926.6843731,0.3547699592353767,0.2949256936377547,False,0.7553714726335139,,14.0,8.19672131147541
28.015864610671997,1790751926.7294776,0.3542050841354147,0.294920089515463,False,0.7480923091767291,,14.0,8.183306055646481
28.06215262413025,1790751926.7757657,0.2426739788186955,0.29490739742474253,True,0.7097035967005996,,14.0,8.333333333333332
28.107569456100464,1790751926.8211825,0.1247865138718149,0.29489470533402207,True,0.7029893059018709,,14.0,8.482871125611746
28.155540227890015,1790751926.8691533,0.17481680502837418,0.29489470533402207,True,0.7168174566961087,,14.0,8.631921824104234
28.201443672180176,1790751926.9150567,0.270022685131611,0.29489470533402207,True,0.7204406256286332,,14.0,8.780487804878048
28.24634623527527,1790751926.9599593,0.28882896161978266,0.29480352787841424,True,0.7204373185590421,,14.0,8.928571428571429
28.292898416519165,1790751927.0065114,0.30818844080615404,0.2947123504228064,False,0.6793415379185979,230.74579238891602,15.0,8.914100486223662
28.338042497634888,1790751927.0516555,0.34757957464881417,0.29467830218727514,False,0.6777427604058137,,15.0,8.89967637540453
28.38304305076599,1790751927.096656,0.34318495055756826,0.2946442539517439,False,0.6826167706888581,,15.0,8.88529886914378
28.42886996269226,1790751927.142483,0.34300101871509275,0.2946057806019269,False,0.690238311067516,,15.0,8.870967741935484
28.47457265853882,1790751927.1881857,0.36534933454660945,0.2945673072521099,False,0.6941353259022909,,15.0,8.856682769726248
28.523600816726685,1790751927.2372139,0.35660907869081737,0.2944804818326048,False,0.7009847141007076,,15.0,8.842443729903538
28.57027006149292,1790751927.283883,0.35952855685628665,0.2943936564130996,False,0.6928432914492835,,15.0,8.828250401284109
28.615870475769043,1790751927.3294835,0.36986781023988646,0.2943700131246357,False,0.7221609173011994,,15.0,8.814102564102564
28.660688400268555,1790751927.3743014,0.37349165522183464,0.2943463698361718,False,0.6846436324159108,,15.0,8.799999999999999
28.70816206932068,1790751927.421775,0.35831368356007026,0.29432450976745306,False,0.6975761203133615,,15.0,8.78594249201278
28.75605845451355,1790751927.4696715,0.38785606018582597,0.2943026496987343,False,0.7009815941771163,,15.0,8.771929824561402
28.810149669647217,1790751927.5237627,0.3685991791018559,0.29422133849679155,False,0.6747872867289694,,15.0,8.75796178343949
28.86243963241577,1790751927.5760527,0.39317911454376775,0.2943026496987343,False,0.6570986543319375,,15.0,8.744038155802862
28.911837577819824,1790751927.6254506,0.37296716248800565,0.29422133849679155,False,0.6214708179832229,,15.0,8.73015873015873
28.965153455734253,1790751927.6787665,0.3783006315501429,0.2941400272948488,False,0.6049032625067724,,15.0,8.716323296354993
29.010119676589966,1790751927.7237327,0.38289354823557586,0.2941238591153218,False,0.626518951477213,,15.0,8.702531645569621
29.05977988243103,1790751927.773393,0.3831095299123214,0.2941076909357948,False,0.6585511171600277,,15.0,8.688783570300158
29.106099128723145,1790751927.8197122,0.3841096749756282,0.294102880170167,False,0.6398318207706394,,15.0,8.675078864353312
29.155884742736816,1790751927.8694978,0.38861332956780836,0.2940980694045392,False,0.6655366415439973,,15.0,8.661417322834646
29.203152894973755,1790751927.916766,0.37264598426994533,0.29403772597917643,False,0.6720608865328098,,15.0,8.647798742138365
29.252063512802124,1790751927.9656765,0.27632342045064295,0.29397738255381367,True,0.665278821598061,,15.0,8.791208791208792
29.299235582351685,1790751928.0128486,0.17414513763269393,0.29393859082425483,True,0.6522866203323184,,15.0,8.934169278996865
29.34641170501709,1790751928.0600247,0.17476922348890284,0.293899799094696,True,0.6507760958357498,,15.0,9.076682316118937
29.39592671394348,1790751928.1095397,0.2057282708720212,0.29388762577704347,True,0.6430640844423111,,15.0,9.21875
29.442031383514404,1790751928.1556444,0.2709884145335735,0.293875452459391,True,0.6415465580489496,,15.0,9.360374414976599
29.490063905715942,1790751928.203677,0.30355434529298786,0.29382439810745753,False,0.6462146651438666,238.00039291381836,16.0,9.345794392523365
29.53891110420227,1790751928.2525241,0.3254744383338069,0.29377334375552405,False,0.6586610278066024,,16.0,9.331259720062208
29.582988023757935,1790751928.296601,0.3373883585642236,0.2937672561091594,False,0.6491832586023492,,16.0,9.316770186335404
29.63041377067566,1790751928.3440268,0.35051628241609123,0.2937611684627947,False,0.6538888149180815,,16.0,9.30232558139535
29.680511713027954,1790751928.3941247,0.3401360544217687,0.2937497898221396,False,0.648761892899779,,16.0,9.287925696594428
29.72643280029297,1790751928.4400458,0.3645658793320667,0.2937384111814846,False,0.6391671171160987,,16.0,9.273570324574962
29.772281646728516,1790751928.4858947,0.3594649006664369,0.29367362125496643,False,0.6528238599183563,,16.0,9.25925925925926
29.821007013320923,1790751928.53462,0.3630278801207807,0.2936088313284482,False,0.6287256014952788,,16.0,9.244992295839753
29.866798162460327,1790751928.5804112,0.3571661276181092,0.2936088313284482,False,0.6128650271132602,,16.0,9.230769230769232
29.911874294281006,1790751928.6254873,0.3644242946435225,0.2936088313284482,False,0.6126465275723204,,16.0,9.216589861751153
29.960437774658203,1790751928.6740508,0.3711232006127939,0.2935694013778181,False,0.625399017039943,,16.0,9.202453987730062
30.005210876464844,1790751928.718824,0.3574737278234901,0.29352997142718795,False,0.6280733975754058,,16.0,9.188361408882082
30.050182580947876,1790751928.7637956,0.3588508641900847,0.2935148078223633,False,0.6364974005439026,,16.0,9.174311926605505
30.0960431098938,1790751928.8096561,0.363738359309901,0.2934996442175386,False,0.6314874166534278,,16.0,9.16030534351145
30.142601490020752,1790751928.8562145,0.369280703989173,0.29348316474562564,False,0.627847652841426,,16.0,9.146341463414634
30.18817400932312,1790751928.901787,0.3616273463500036,0.2934666852737128,False,0.6303109539406763,,16.0,9.1324200913242
30.23468828201294,1790751928.9483013,0.3533035344844992,0.29345823871225873,False,0.6435047875203278,,16.0,9.118541033434651
30.281388998031616,1790751928.995002,0.3537964144361221,0.29344979215080463,False,0.6321659198827847,,16.0,9.104704097116842
30.32636833190918,1790751929.0399814,0.3484989729426936,0.2934344259666952,False,0.6181627075448789,,16.0,9.090909090909092
30.37129497528076,1790751929.084908,0.3510418496572629,0.29341905978258576,False,0.6299935898185863,,16.0,9.07715582450832
30.41610097885132,1790751929.129714,0.3580666946463811,0.29339904819329693,False,0.6462685857550347,,16.0,9.06344410876133
30.46102213859558,1790751929.1746352,0.36726448300847503,0.29337903660400805,False,0.649663905309244,,16.0,9.049773755656108
30.50583577156067,1790751929.2194488,0.3532133724920834,0.2933777163848506,False,0.6304875912394703,,16.0,9.036144578313253
30.551087617874146,1790751929.2647007,0.3631341566674339,0.2933763961656931,False,0.633879515668999,,16.0,9.022556390977442
30.59652805328369,1790751929.310141,0.3608762193057181,0.29333206295723435,False,0.6228794787861436,,16.0,9.00900900900901
30.642241716384888,1790751929.3558547,0.3549847266961974,0.2932877297487756,False,0.6233094390164117,,16.0,8.995502248875562
30.68801975250244,1790751929.4016328,0.37671346454851073,0.29326933865126237,False,0.6301041683310361,,16.0,8.982035928143713
30.73330807685852,1790751929.446921,0.36136467107286696,0.29325094755374914,False,0.6323084705969488,,16.0,8.968609865470851
30.77727484703064,1790751929.4908879,0.36038207023976676,0.29322646441721567,False,0.6196482986518971,,16.0,8.955223880597014
30.821939945220947,1790751929.535553,0.369984927351916,0.2932019812806822,False,0.6323071652777374,,16.0,8.941877794336811
30.86652159690857,1790751929.5801346,0.3557941841340725,0.29317504313021525,False,0.6077146559571511,,16.0,8.928571428571429
30.910905361175537,1790751929.6245184,0.3585048224915606,0.2931481049797483,False,0.6175365407222528,,16.0,8.915304606240714
30.95676326751709,1790751929.6703763,0.3668360418406963,0.2931478657375964,False,0.627847652841426,,16.0,8.902077151335313
31.002071380615234,1790751929.7156844,0.36398651303826624,0.2931476264954444,False,0.6313520963629794,,16.0,8.88888888888889
31.046828508377075,1790751929.7604415,0.3553328411173824,0.29312931287257676,False,0.6220411769534261,,16.0,8.875739644970414
31.093602180480957,1790751929.8072152,0.37493345264271455,0.29311099924970907,False,0.6042875070338877,,16.0,8.862629246676514
31.13831377029419,1790751929.8519268,0.3641945693475471,0.29304049104199803,False,0.6138046502222083,,16.0,8.849557522123893
31.18337368965149,1790751929.8969867,0.36834362470983784,0.29296998283428705,False,0.641901194157238,,16.0,8.836524300441827
31.229284524917603,1790751929.9428976,0.37277587439241033,0.29296442482188817,False,0.6359875234281896,,16.0,8.823529411764707
31.273966789245605,1790751929.9875798,0.37110091511064824,0.29295886680948935,False,0.6385530225618025,,16.0,8.81057268722467
31.320088386535645,1790751930.0337014,0.3731561209222015,0.292936446242022,False,0.6407099204402682,,16.0,8.797653958944283
31.36496329307556,1790751930.0785763,0.37346570844536386,0.29291402567455466,False,0.6208500006192971,,16.0,8.784773060029282
31.409359216690063,1790751930.1229722,0.36690095686272556,0.29289781940948345,False,0.6229318808868943,,16.0,8.771929824561402
31.455149173736572,1790751930.1687622,0.3762587018606934,0.29288161314441225,False,0.6229318808868943,,16.0,8.75912408759124
31.500629901885986,1790751930.214243,0.36378678950012644,0.29287097632751774,False,0.6181640765104698,,16.0,8.746355685131196
31.545536756515503,1790751930.2591498,0.38160115768061514,0.2928603395106232,False,0.6173448234127045,,16.0,8.73362445414847
31.591658115386963,1790751930.3052711,0.3723391241503363,0.29281958236803063,False,0.6069340607936692,,16.0,8.720930232558139
31.636592149734497,1790751930.3502052,0.3169623428277375,0.292778825225438,False,0.6126719262164427,,16.0,8.708272859216255
31.681745290756226,1790751930.3953583,0.20950274190780993,0.2926586278200486,True,0.6124127364178544,,16.0,8.840579710144928
31.729310512542725,1790751930.4429235,0.16365024948178503,0.2925384304146591,True,0.6087623792448595,,16.0,8.972503617945007
31.77379322052002,1790751930.4874063,0.19062887966232656,0.29250514781928877,True,0.6175635091499234,,16.0,9.104046242774565
31.81970238685608,1790751930.5333154,0.23546469735553638,0.29247186522391844,True,0.5950740148285224,,16.0,9.235209235209235
31.867010593414307,1790751930.5806236,0.29482799879796523,0.2924507574102242,False,0.6243149367724683,185.26530265808105,17.0,9.221902017291066
31.912206411361694,1790751930.6258194,0.29463744230505684,0.2924296495965299,False,0.6090028408925795,,17.0,9.20863309352518
31.958681344985962,1790751930.6722944,0.3176401676604523,0.2923900304814224,False,0.6152055706070613,,17.0,9.195402298850574
32.00339341163635,1790751930.7170064,0.3307180720229087,0.29235041136631496,False,0.6162218505836928,,17.0,9.182209469153516
32.048564195632935,1790751930.7621772,0.33574837465344626,0.2923366907701024,False,0.6164434152213928,,17.0,9.169054441260744
32.09424328804016,1790751930.8078563,0.3385142470158742,0.29232297017388986,False,0.6216486527145361,,17.0,9.15593705293276
32.139397382736206,1790751930.8530104,0.3356970449029797,0.29218292727814604,False,0.6195532479552731,,17.0,9.142857142857142
32.18571424484253,1790751930.8993273,0.34907351413716814,0.2920428843824022,False,0.6222040678064048,,17.0,9.12981455064194
32.23349213600159,1790751930.9471052,0.35144108248627054,0.2920399482570647,False,0.632695496929142,,17.0,9.116809116809117
32.27895736694336,1790751930.9925704,0.20496125386083586,0.29203701213172717,True,0.6123859929196684,,17.0,9.246088193456615
32.32603859901428,1790751931.0396516,0.1549222579887977,0.29199739301661976,True,0.6030419628219911,,17.0,9.375
32.37701439857483,1790751931.0906274,0.17213809026296284,0.29195777390151223,True,0.6040185199941817,,17.0,9.50354609929078
32.43021321296692,1790751931.1438262,0.24355090532625195,0.2919339074752975,True,0.60865404889802,,17.0,9.631728045325778
32.47626519203186,1790751931.1898782,0.30320867709352234,0.2919100410490828,False,0.6033117249859743,197.30782508850098,18.0,9.618104667609618
32.522326707839966,1790751931.2359397,0.31382736674502454,0.291890886092219,False,0.5988947901903376,,18.0,9.6045197740113
32.56764078140259,1790751931.2812538,0.33993698146160645,0.29187173113535525,False,0.6183417954432912,,18.0,9.590973201692526
32.61271810531616,1790751931.3263311,0.3464060929827718,0.29171357810841164,False,0.6126719262164427,,18.0,9.577464788732394
32.65829396247864,1790751931.371907,0.34870268988819586,0.29155542508146803,False,0.6254232208089486,,18.0,9.563994374120956
32.703437089920044,1790751931.4170501,0.35001251105769915,0.2915088655753785,False,0.6170856336141161,,18.0,9.550561797752808
32.74904179573059,1790751931.4626548,0.3383643165774741,0.29146230606928886,False,0.6032438439001778,,18.0,9.537166900420758
32.7950005531311,1790751931.5086136,0.2613632725758679,0.2914611516225726,True,0.6240791229859075,,18.0,9.663865546218489
32.83933424949646,1790751931.5529473,0.1455196293870391,0.29145999717585624,True,0.6146142217582906,,18.0,9.79020979020979
32.88401389122009,1790751931.597627,0.17551276304432256,0.2914106378058208,True,0.5993031861354898,,18.0,9.916201117318437
32.932682275772095,1790751931.6462953,0.22528075294407773,0.29136127843578535,True,0.5993298544272433,,18.0,10.0418410041841
32.98078393936157,1790751931.694397,0.27620712405136455,0.29133667823016757,True,0.5983739824383554,,18.0,10.167130919220057
33.026124477386475,1790751931.7397375,0.3081592347370089,0.29131207802454984,False,0.6100796068253541,231.1239242553711,19.0,10.15299026425591
33.07107996940613,1790751931.784693,0.32856633824071624,0.2913039799609968,False,0.6301331142439982,,19.0,10.13888888888889
33.115177154541016,1790751931.8287902,0.33185813898715555,0.2912958818974437,False,0.6276192962241991,,19.0,10.124826629680998
33.159693002700806,1790751931.873306,0.34671177948780074,0.2912907683514787,False,0.6240791229859075,,19.0,10.110803324099724
33.205561876297,1790751931.919175,0.3460428493573629,0.2912856548055137,False,0.629075243587482,,19.0,10.096818810511756
33.251633167266846,1790751931.9652462,0.2731565159885708,0.29122882039970444,True,0.6278755913286059,,19.0,10.220994475138122
33.29777717590332,1790751932.0113902,0.1598451099728952,0.2911719859938951,True,0.6146142217582906,,19.0,10.344827586206897
33.34463453292847,1790751932.0582476,0.1635463295616375,0.291113472121437,True,0.6145561583829584,,19.0,10.46831955922865
33.39167141914368,1790751932.1052845,0.19971930527343748,0.291054958248979,True,0.6040427237089794,,19.0,10.591471801925723
33.43816328048706,1790751932.1517763,0.27583981770082067,0.2909776170772953,True,0.605011195021646,,19.0,10.714285714285714
33.48456645011902,1790751932.1981795,0.3042455305966132,0.2909002759056116,False,0.6245659208938418,232.93328285217285,20.0,10.699588477366255
33.529383182525635,1790751932.2429962,0.31260817725725343,0.29089801947886873,False,0.6142744315842152,,20.0,10.684931506849315
33.57379460334778,1790751932.2874076,0.3383282034537862,0.29089576305212583,False,0.6421846857431835,,20.0,10.6703146374829
33.627277851104736,1790751932.340891,0.35511455187402563,0.29089390409574767,False,0.6181915840898141,,20.0,10.655737704918032
33.67527532577515,1790751932.3888884,0.3377483435177786,0.2908920451393695,False,0.6364974005439026,,20.0,10.641200545702592
33.72581696510315,1790751932.43943,0.3487136548186077,0.2908863733420204,False,0.6263982710582976,,20.0,10.626702997275205
33.7745521068573,1790751932.4881651,0.35850554407588064,0.29088070154467127,False,0.6082337167553974,,20.0,10.612244897959183
33.822503328323364,1790751932.5361164,0.36180528467569606,0.29087104714087314,False,0.6184518500486733,,20.0,10.597826086956522
33.869988679885864,1790751932.5836017,0.3422672615586204,0.290861392737075,False,0.627847652841426,,20.0,10.583446404341927
33.91859412193298,1790751932.6322072,0.3535349698946453,0.2908414384105482,False,0.6340545090354293,,20.0,10.569105691056912
33.96579098701477,1790751932.679404,0.3610149734442647,0.2908214840840214,False,0.6353244289345,,20.0,10.554803788903925
34.01545476913452,1790751932.7290678,0.3589797491734822,0.2908152874094291,False,0.6242300209962128,,20.0,10.54054054054054
34.06255388259888,1790751932.776167,0.35798962223736863,0.29080909073483674,False,0.6182438102016586,,20.0,10.526315789473683
34.11207032203674,1790751932.8256834,0.29474205899787587,0.2907969887917691,False,0.6228794787861436,,20.0,10.512129380053908
34.15928292274475,1790751932.872896,0.1681086812121802,0.2907848868487014,True,0.6067948507534798,,20.0,10.632570659488561
34.20535850524902,1790751932.9189715,0.1745683400259227,0.2907790037990574,True,0.6070518156650281,,20.0,10.75268817204301
34.25311613082886,1790751932.9667292,0.2209398898051384,0.2907731207494134,True,0.5940047765046249,,20.0,10.87248322147651
34.300036907196045,1790751933.01365,0.26766985465099397,0.2907527119487372,True,0.6266791991667177,,20.0,10.991957104557642
34.347614765167236,1790751933.0612278,0.30383838765576243,0.290732303148061,False,0.6288925492053735,188.33184242248535,21.0,10.977242302543507
34.39795994758606,1790751933.111573,0.3126401676604523,0.29070570646494776,False,0.629245183538045,,21.0,10.962566844919785
34.4442880153656,1790751933.157901,0.3335914235730322,0.2906791097818346,False,0.6323084705969488,,21.0,10.947930574098798
34.49199461936951,1790751933.2056077,0.3435554343694335,0.29067841536184325,False,0.6255645659057262,,21.0,10.933333333333334
34.538575649261475,1790751933.2521887,0.3435554343694335,0.2906777209418518,False,0.6080003852520489,,21.0,10.918774966711052
34.5891432762146,1790751933.3027563,0.3445286430386586,0.29065456429133446,False,0.6218059371392194,,21.0,10.904255319148938
34.63645792007446,1790751933.350071,0.3511806037958095,0.2906314076408172,False,0.6181627075448789,,21.0,10.889774236387781
34.68579030036926,1790751933.3994033,0.35332519552599473,0.29062449816748737,False,0.6300467629116412,,21.0,10.875331564986737
34.737374782562256,1790751933.4509878,0.36058785855800424,0.29061758869415755,False,0.6351424296233869,,21.0,10.860927152317881
34.785945653915405,1790751933.4995587,0.34212016766045406,0.290556844106436,False,0.6196354505393775,,21.0,10.846560846560847
34.8310284614563,1790751933.5446415,0.3482451218154449,0.29049609951871447,False,0.628831273679014,,21.0,10.83223249669749
34.87504243850708,1790751933.5886555,0.3582748603070389,0.290349646133222,False,0.6300212621068308,,21.0,10.817941952506596
34.92263913154602,1790751933.6362522,0.3451873519976191,0.29020319274772954,False,0.6207133614974016,,21.0,10.80368906455863
34.96713042259216,1790751933.6807435,0.33818064780584445,0.2901790760660802,False,0.6243135547702869,,21.0,10.789473684210527
35.011687994003296,1790751933.725301,0.34786281939997854,0.2901549593844308,False,0.6303706406902974,,21.0,10.775295663600525
35.05975317955017,1790751933.7733662,0.3427008314900478,0.2900834711133552,False,0.613892048775369,,21.0,10.761154855643044
35.10598611831665,1790751933.8195992,0.35570103356378124,0.2900119828422796,False,0.6280683918290104,,21.0,10.747051114023591
35.15273571014404,1790751933.8663487,0.35770662507165146,0.28998344945460225,False,0.6296673005705397,,21.0,10.732984293193718
35.19711875915527,1790751933.9107318,0.35728528418006206,0.2899549160669249,False,0.6374955806244899,,21.0,10.718954248366012
35.24245548248291,1790751933.9560685,0.36074475764321967,0.28994137349124305,False,0.6145601161900487,,21.0,10.704960835509137
35.288931131362915,1790751934.0025442,0.3429938070976333,0.28992783091556124,False,0.6159738218257431,,21.0,10.691003911342895
35.333904504776,1790751934.0475175,0.3573504774365496,0.28985748713875553,False,0.6399205404892286,,21.0,10.677083333333332
35.378896713256836,1790751934.0925097,0.35115700298026953,0.2897871433619498,False,0.6373082482154603,,21.0,10.663198959687907
35.42567706108093,1790751934.13929,0.36257416370905304,0.2897771156285214,False,0.621980432651166,,21.0,10.649350649350648
35.470409631729126,1790751934.1840227,0.3582505750900148,0.289767087895093,False,0.6184532190751815,,21.0,10.635538261997405
35.516746044158936,1790751934.230359,0.35084261840208913,0.28970838864397974,False,0.6128441151339548,,21.0,10.621761658031089
35.56162071228027,1790751934.2752337,0.3535349698946453,0.28964968939286656,False,0.6280439357062345,,21.0,10.608020698576972
35.60787105560303,1790751934.321484,0.36303709997212175,0.2894078951530399,False,0.6268666359227328,,21.0,10.594315245478036
35.65494179725647,1790751934.3685548,0.3668267747620708,0.28916610091321326,False,0.6229071961953813,,21.0,10.580645161290322
35.70021653175354,1790751934.4138296,0.3509785745739257,0.28905469267887685,False,0.6268420971333001,,21.0,10.56701030927835
35.744877576828,1790751934.4584906,0.3535234469960137,0.28894328444454054,False,0.6340068723552402,,21.0,10.553410553410554
35.7922043800354,1790751934.5058174,0.3575349508259765,0.2888914261938816,False,0.6128441151339548,,21.0,10.539845758354756
35.8371148109436,1790751934.5507278,0.3564720316218502,0.28883956794322263,False,0.6481522344539705,,21.0,10.526315789473683
35.88304567337036,1790751934.5966587,0.3584950517703043,0.28877265972566235,False,0.6278755913286059,,21.0,10.512820512820513
35.92805600166321,1790751934.641669,0.356164481487254,0.28870575150810207,False,0.6222262808851837,,21.0,10.499359795134442
35.97269558906555,1790751934.6863086,0.36239519698733,0.28861183687044173,False,0.6170856336141161,,21.0,10.485933503836318
36.02114748954773,1790751934.7347605,0.362704675570593,0.2885179222327814,False,0.6079168588467435,,21.0,10.472541507024266
36.06934857368469,1790751934.7829616,0.3586067227251166,0.28850755461745303,False,0.6303451548573017,,21.0,10.459183673469388
36.11649680137634,1790751934.8301098,0.3651185799384341,0.28849718700212473,False,0.6089348235596135,,21.0,10.445859872611466
36.163899421691895,1790751934.8775125,0.3685240596360109,0.28845512488481095,False,0.6383575431814213,,21.0,10.432569974554708
36.2100715637207,1790751934.9236846,0.3642896174032547,0.2884130627674971,False,0.6278755913286059,,21.0,10.419313850063533
36.25839138031006,1790751934.9720044,0.3214131458836378,0.2884065476001786,False,0.6087623792448595,,21.0,10.406091370558377
36.30432915687561,1790751935.0179422,0.17218201687252252,0.28840003243286005,True,0.6080269263677929,,21.0,10.519645120405578
36.3498113155365,1790751935.0634243,0.16776421382048734,0.2883452305737386,True,0.6080269263677929,,21.0,10.632911392405063
36.39476227760315,1790751935.1083753,0.21330987226202167,0.28829042871461713,True,0.6042165982823613,,21.0,10.745891276864729
36.44009280204773,1790751935.1537058,0.2940435732653536,0.288285886246164,False,0.6135281980960914,135.76364517211914,22.0,10.732323232323232
36.4855272769928,1790751935.1991403,0.2988550050108144,0.288281343777711,False,0.623141102129578,,22.0,10.718789407313997
36.533634424209595,1790751935.2472475,0.3280826072705818,0.28827398612234467,False,0.6194913048655638,,22.0,10.70528967254408
36.579301595687866,1790751935.2929146,0.34540092776001396,0.2882666284669784,False,0.6255099426166926,,22.0,10.69182389937107
36.623974561691284,1790751935.3375876,0.33382113198494573,0.2882399964032298,False,0.619463211932875,,22.0,10.678391959798995
36.66919565200806,1790751935.3828087,0.1588883471028642,0.28821336433948114,True,0.6088159743832123,,22.0,10.790464240903388
36.71359872817993,1790751935.4272118,0.1661249098988224,0.28814962285770057,True,0.6096332785930663,,22.0,10.902255639097744
36.759970903396606,1790751935.473584,0.14807570707018372,0.28808588137591995,True,0.6028824187707347,,22.0,11.013767209011265
36.805158615112305,1790751935.5187716,0.2078751880656659,0.28808406880382054,True,0.6383285946952182,,22.0,11.125
36.85124230384827,1790751935.5648553,0.24559152846609628,0.2880822562317211,True,0.6101916276830259,,22.0,11.235955056179774
36.89637589454651,1790751935.609989,0.2880172655584067,0.28805961548739545,True,0.6272211215447842,,22.0,11.346633416458852
36.94208598136902,1790751935.655699,0.3100656897758163,0.2880369747430697,False,0.6374955806244899,272.8903293609619,23.0,11.33250311332503
36.98881912231445,1790751935.7024322,0.3084304062390621,0.28801239369727677,False,0.6275197167601542,,23.0,11.318407960199005
37.0345892906189,1790751935.7482023,0.3303434745303474,0.28798781265148377,False,0.642207373743071,,23.0,11.304347826086957
37.07990479469299,1790751935.7935178,0.3180133904975746,0.28791967520984046,False,0.638752978870291,,23.0,11.29032258064516
37.12511730194092,1790751935.8387303,0.3269527280467178,0.2878515377681971,False,0.6374955806244899,,23.0,11.27633209417596
37.17050909996033,1790751935.8841221,0.33702429648028664,0.2878174354038202,False,0.6199014758563639,,23.0,11.262376237623762
37.216055154800415,1790751935.9296682,0.3400034105687362,0.28778333303944337,False,0.6174037510276089,,23.0,11.248454882571075
37.26215100288391,1790751935.975764,0.32864924696534975,0.2877659838288657,False,0.6232786467077632,,23.0,11.234567901234568
37.308391094207764,1790751936.0220041,0.34275267598496184,0.2877486346182881,False,0.6411319606346056,,23.0,11.22071516646116
37.35573363304138,1790751936.0693467,0.3283729626280487,0.28774259945765696,False,0.6405233918060443,,23.0,11.206896551724139
37.40794897079468,1790751936.121562,0.33593457860596365,0.2877365642970259,False,0.6040735501302924,,23.0,11.193111931119311
37.45791673660278,1790751936.1715298,0.32899291080559445,0.2877365642970259,False,0.6072168675356795,,23.0,11.179361179361178
37.504037857055664,1790751936.217651,0.15208143291485138,0.2877365642970259,True,0.6174846283177877,,23.0,11.28834355828221
37.55477261543274,1790751936.2683856,0.10867890000998948,0.2876752579094465,True,0.6232262516006422,,23.0,11.397058823529411
37.5989351272583,1790751936.3125482,0.14690468171241797,0.2876139515218672,True,0.6340303601675262,,23.0,11.505507955936352
37.643853187561035,1790751936.3574662,0.17407692283450077,0.2875158103174931,True,0.6240078185831681,,23.0,11.613691931540341
37.694661378860474,1790751936.4082744,0.21057876925370353,0.2874176691131191,True,0.6228375751014071,,23.0,11.72161172161172
37.749213218688965,1790751936.4628263,0.25438899978097623,0.2873787374643517,True,0.6408181758140735,,23.0,11.829268292682926
37.79954481124878,1790751936.5131578,0.2994536486757943,0.28733980581558427,False,0.6138865800550872,295.50695419311523,24.0,11.814859926918391
37.84970045089722,1790751936.5633135,0.3204298468281196,0.28733857618307845,False,0.6413962359077516,,24.0,11.800486618004866
37.89556097984314,1790751936.609174,0.31618316370734706,0.2873373465505726,False,0.5848340790350756,,24.0,11.7861482381531
37.940892457962036,1790751936.6545055,0.3279604498412618,0.2873347469924068,False,0.6331377778170707,,24.0,11.771844660194175
37.98785400390625,1790751936.701467,0.3193115105526858,0.28733214743424107,False,0.6182034779199451,,24.0,11.757575757575758
38.03172206878662,1790751936.745335,0.3523017239286302,0.28725115430546144,False,0.6482713309755852,,24.0,11.743341404358354
38.07674789428711,1790751936.790361,0.3294492798294879,0.2871701611766819,False,0.6233094390164117,,24.0,11.729141475211609
38.123005867004395,1790751936.836619,0.3559769692967045,0.28716442124460284,False,0.6289896803412965,,24.0,11.71497584541063
38.16781044006348,1790751936.8814235,0.3485245060152782,0.2871586813125238,False,0.6325631187634794,,24.0,11.700844390832328
38.21301770210266,1790751936.9266307,0.3631820331786519,0.28714041717232947,False,0.6351965672637088,,24.0,11.686746987951807
38.260366916656494,1790751936.97398,0.3420113868917999,0.28712215303213506,False,0.634337434228316,,24.0,11.672683513838749
38.30908441543579,1790751937.0226974,0.34264304782230937,0.2870940301395162,False,0.6433486744303609,,24.0,11.658653846153847
38.35532593727112,1790751937.068939,0.34839898344277787,0.2870659072468973,False,0.6267326241850092,,24.0,11.644657863145259
38.40119409561157,1790751937.1148071,0.3547004103412925,0.28703210640098514,False,0.6240494400008765,,24.0,11.630695443645084
38.447638750076294,1790751937.1612518,0.35027641560274364,0.286998305555073,False,0.6327275461865031,,24.0,11.616766467065869
38.494380712509155,1790751937.2079937,0.35962262621580854,0.2869762841133393,False,0.6245375978354913,,24.0,11.602870813397129
38.539860248565674,1790751937.2534733,0.36628834667679927,0.28695426267160556,False,0.6280159897282597,,24.0,11.589008363201913
38.585779905319214,1790751937.299393,0.3654703628425925,0.2869241202665808,False,0.6303465502112426,,24.0,11.575178997613365
38.63102674484253,1790751937.3446398,0.34746110407599873,0.286893977861556,False,0.6400921143274351,,24.0,11.561382598331345
38.67610764503479,1790751937.3897207,0.35440656769155926,0.2868857043078004,False,0.6280733975754058,,24.0,11.547619047619047
38.72312068939209,1790751937.4367337,0.3651770891528442,0.28687743075404476,False,0.6388099946870026,,24.0,11.533888228299643
38.76827692985535,1790751937.48189,0.35622486622158883,0.2866975463974081,False,0.6327659228074552,,24.0,11.520190023752969
38.813859939575195,1790751937.527473,0.36673061654036565,0.2865176620407714,False,0.632695496929142,,24.0,11.506524317912218
38.859833002090454,1790751937.573446,0.36505471069571244,0.2864861328399311,False,0.6542735039614223,,24.0,11.492890995260662
38.90531325340271,1790751937.6189263,0.18094954459923573,0.28645460363909087,True,0.6265611619112763,,24.0,11.597633136094675
38.95142579078674,1790751937.6650388,0.15448797010420728,0.2863714169350138,True,0.6182163002984167,,24.0,11.702127659574469
38.99678587913513,1790751937.710399,0.181085748168215,0.28628823023093675,True,0.6374443174277679,,24.0,11.80637544273908
39.04241919517517,1790751937.7560322,0.23011527006353139,0.2862803111203249,True,0.6252721914761566,,24.0,11.910377358490566
39.08922600746155,1790751937.802839,0.2539503093533515,0.2862723920097131,True,0.6288396456829564,,24.0,12.014134275618375
39.13745093345642,1790751937.851064,0.2827373680870465,0.2862366301350872,True,0.6339965544962345,,24.0,12.117647058823529
39.18346619606018,1790751937.8970792,0.3103739638079001,0.28620086826046137,False,0.6444955964812428,278.1529426574707,25.0,12.103407755581669
39.22836971282959,1790751937.9419827,0.3290369877048571,0.286116153983335,False,0.6396892346542565,,25.0,12.089201877934272
39.27237915992737,1790751937.9859922,0.33677147228022625,0.28603143970620876,False,0.6434296042999379,,25.0,12.075029308323563
39.3197500705719,1790751938.033363,0.33842199201649953,0.28602299464785697,False,0.6117676704829335,,25.0,12.060889929742387
39.36312937736511,1790751938.0767424,0.34634620239958924,0.2860145495895052,False,0.6296673005705397,,25.0,12.046783625730995
39.408039808273315,1790751938.1216528,0.35247472752359005,0.28597900366588036,False,0.6278565680516314,,25.0,12.032710280373832
39.45474982261658,1790751938.1683629,0.34691114590513794,0.2859434577422556,False,0.6493032887889351,,25.0,12.018669778296383
39.49908375740051,1790751938.2126968,0.34758128824254764,0.28587896368967014,False,0.6386159458175124,,25.0,12.004662004662006
39.54453921318054,1790751938.2581522,0.3668703204798707,0.2858144696370847,False,0.6225416565063918,,25.0,11.990686845168801
39.5910906791687,1790751938.3047037,0.36170451057625724,0.2857998901848213,False,0.6370522833400872,,25.0,11.976744186046512
39.635955572128296,1790751938.3495686,0.35754983338669616,0.285785310732558,False,0.6687432246167405,,25.0,11.962833914053427
39.68089246749878,1790751938.3945055,0.36753640204182497,0.2857600208007975,False,0.627927995761189,,25.0,11.948955916473318
39.7261323928833,1790751938.4397454,0.36488064457867486,0.28573473086903706,False,0.6383575431814213,,25.0,11.935110081112398
39.771358013153076,1790751938.484971,0.35820152684529993,0.28566786950241113,False,0.6257403183328402,,25.0,11.921296296296296
39.81795835494995,1790751938.5315714,0.37916642467436645,0.28560100813578526,False,0.6340832636899433,,25.0,11.907514450867051
39.866459131240845,1790751938.5800722,0.3692832543422776,0.2856007590668391,False,0.6128386972821309,,25.0,11.893764434180138
39.91841793060303,1790751938.632031,0.3588225964396936,0.285600509997893,False,0.6545394653198375,,25.0,11.8800461361015
39.96397399902344,1790751938.677587,0.3648833974415338,0.28549692728257725,False,0.629075243587482,,25.0,11.866359447004609
40.00862193107605,1790751938.722235,0.37312661349552523,0.28539334456726145,False,0.630969467830265,,25.0,11.852704257767549
40.05484199523926,1790751938.768455,0.3647753005665819,0.2853239934186213,False,0.6383575431814213,,25.0,11.839080459770116
40.10031056404114,1790751938.8139236,0.36108224316355775,0.28525464226998115,False,0.6323366075853083,,25.0,11.82548794489093
40.14576482772827,1790751938.8593779,0.3732432129927816,0.2851513020891646,False,0.6433486744303609,,25.0,11.811926605504587
40.1920211315155,1790751938.9056342,0.373875617528553,0.28504796190834814,False,0.6289810687686346,,25.0,11.798396334478808
40.23729991912842,1790751938.950913,0.3682133092757728,0.2850002672884068,False,0.6254794318036264,,25.0,11.784897025171624
40.282466650009155,1790751938.9960797,0.37312661349552523,0.2849525726684653,False,0.6373082482154603,,25.0,11.771428571428572
40.32758617401123,1790751939.0411992,0.1888166939046224,0.2849180989482545,True,0.6310709641934575,,25.0,11.87214611872146
40.37340497970581,1790751939.087018,0.13208944423231977,0.28488362522804367,True,0.6263958571660251,,25.0,11.972633979475484
40.418919801712036,1790751939.1325328,0.15202096550462676,0.2848807341586961,True,0.6181902150633058,,25.0,12.072892938496583
40.464327812194824,1790751939.1779408,0.2433044499388506,0.2848778430893485,True,0.6208766139892481,,25.0,12.17292377701934
40.509769439697266,1790751939.2233825,0.24088798793088775,0.2847795026660249,True,0.6478769537169973,,25.0,12.272727272727273
40.555739641189575,1790751939.2693527,0.27112394913301696,0.2846811622427013,True,0.6378412678692362,,25.0,12.372304199772985
40.60061311721802,1790751939.3142262,0.325986611518001,0.2846811622427013,False,0.6137455529132071,273.0269432067871,26.0,12.35827664399093
40.64483022689819,1790751939.3584433,0.3323779156408321,0.2846811622427013,False,0.6396892346542565,,26.0,12.344280860702153
40.6907525062561,1790751939.4043655,0.33723889196928647,0.2846214991543164,False,0.6370239365190021,,26.0,12.330316742081449
40.7355420589447,1790751939.449155,0.3513911665730567,0.28456183606593155,False,0.6430858847236667,,26.0,12.31638418079096
40.781760454177856,1790751939.4953735,0.3335563963952567,0.28446832728585314,False,0.6366138838203338,,26.0,12.302483069977427
40.82767081260681,1790751939.5412838,0.3554978254138379,0.28437481850577484,False,0.6689070099385542,,26.0,12.288613303269448
40.87233257293701,1790751939.5859456,0.33818064780584445,0.2843587785200691,False,0.6449293960082775,,26.0,12.274774774774775
40.91948962211609,1790751939.6331027,0.3497328134362322,0.28434273853436337,False,0.6387231073751931,,26.0,12.260967379077616
40.96521997451782,1790751939.678833,0.3506530945117201,0.2842034156786352,False,0.6279845692792906,,26.0,12.247191011235955
41.01063537597656,1790751939.7242484,0.3524975237512442,0.2840640928229071,False,0.6325631187634794,,26.0,12.2334455667789
41.056041955947876,1790751939.769655,0.3702478506769129,0.28397274420825125,False,0.623385555681657,,26.0,12.219730941704036
41.101179122924805,1790751939.8147922,0.3711438009992276,0.28388139559359543,False,0.6461632299109925,,26.0,12.206047032474803
41.14565992355347,1790751939.859273,0.3538799188650404,0.28385473281431634,False,0.6323366075853083,,26.0,12.192393736017896
41.191357374191284,1790751939.9049704,0.35614157199217683,0.28382807003503724,False,0.6325042878220878,,26.0,12.17877094972067
41.2352180480957,1790751939.948831,0.3750823891794548,0.28381974791402825,False,0.6373082482154603,,26.0,12.165178571428571
41.27997970581055,1790751939.9935927,0.3667564124662117,0.28381142579301927,False,0.6310949813747416,,26.0,12.151616499442586
41.32540678977966,1790751940.0390198,0.3662607012608933,0.28376844972781323,False,0.6275680307463246,,26.0,12.138084632516703
41.37181520462036,1790751940.0854282,0.3769588286568702,0.28372547366260714,False,0.6182164786112204,,26.0,12.124582869855395
41.41912865638733,1790751940.1327417,0.3698710981128547,0.2836774004533853,False,0.652890521555225,,26.0,12.11111111111111
41.46461844444275,1790751940.1782315,0.3808567004191355,0.28372547366260714,False,0.6373082482154603,,26.0,12.097669256381797
41.516257524490356,1790751940.2298706,0.4039435888944661,0.28376844972781323,False,0.6637206543975339,,26.0,12.084257206208427
41.56136965751648,1790751940.2749827,0.39579730382375355,0.28381142579301927,False,0.6569704804951811,,26.0,12.070874861572536
41.60875225067139,1790751940.3223653,0.38530747839875334,0.28381974791402825,False,0.6360891989526135,,26.0,12.057522123893804
41.65941143035889,1790751940.3730245,0.3933226707539481,0.28382807003503724,False,0.6264097329877444,,26.0,12.044198895027625
41.70638036727905,1790751940.4199934,0.38085058075313494,0.28385473281431634,False,0.6359774862588872,,26.0,12.030905077262693
41.75333786010742,1790751940.466951,0.37209200874029974,0.28382807003503724,False,0.6118214889753099,,26.0,12.017640573318634
41.79804873466492,1790751940.5116618,0.3495152155496659,0.28381974791402825,False,0.6311525627561078,,26.0,12.004405286343612
41.8419406414032,1790751940.5555537,0.3548030878715328,0.28381142579301927,False,0.6520383681372276,,26.0,11.991199119911991
41.88743448257446,1790751940.6010475,0.3754160869511982,0.28376844972781323,False,0.6303160174012639,,26.0,11.978021978021978
41.93180298805237,1790751940.645416,0.3529746974812682,0.28372547366260714,False,0.6555763077648337,,26.0,11.964873765093303
41.97568488121033,1790751940.689298,0.3696998064154252,0.2836774004533853,False,0.6442532388548372,,26.0,11.951754385964913
42.02078604698181,1790751940.734399,0.369984927351916,0.2836293272441634,False,0.6620347258240122,,26.0,11.938663745892661
42.064854860305786,1790751940.778468,0.36444060277523405,0.2834787127762588,False,0.6421846857431835,,26.0,11.925601750547047
42.1102180480957,1790751940.823831,0.3638682584185811,0.28332809830835415,False,0.6370239365190021,,26.0,11.912568306010929
42.15628218650818,1790751940.8698952,0.37973772147516294,0.2834787127762588,False,0.6417656887462014,,26.0,11.899563318777293
42.20173668861389,1790751940.9153497,0.3700891739095903,0.28332809830835415,False,0.6323595673784881,,26.0,11.886586695747
42.24815487861633,1790751940.961768,0.36484520807642185,0.2832758145505517,False,0.6288640299413991,,26.0,11.87363834422658
42.294310092926025,1790751941.0079231,0.3628586042410866,0.2832235307927492,False,0.6433778505794171,,26.0,11.860718171926006
42.33925199508667,1790751941.052865,0.3801602966758114,0.2832758145505517,False,0.6383285946952182,,26.0,11.847826086956522
42.38787841796875,1790751941.1014915,0.3665834850545794,0.2832235307927492,False,0.6310674220401853,,26.0,11.834961997828447
42.43493461608887,1790751941.1485476,0.36784028180581585,0.28321026485040024,False,0.6323353022080118,,26.0,11.822125813449023
42.48291611671448,1790751941.1965292,0.3768657377806258,0.2831969989080513,False,0.6171105984592935,,26.0,11.80931744312026
42.53058099746704,1790751941.244194,0.3698710981128547,0.28312730323941765,False,0.627592508045373,,26.0,11.796536796536797
42.57569718360901,1790751941.2893102,0.3706062098227409,0.283057607570784,False,0.6369353436649031,,26.0,11.783783783783784
42.622493267059326,1790751941.3361063,0.3724532067190564,0.28301485989449593,False,0.6115752451696284,,26.0,11.771058315334773
42.66732144355774,1790751941.3809345,0.3698697515286702,0.28297211221820784,False,0.5965610631441921,,26.0,11.758360302049622
42.71310472488403,1790751941.4267178,0.3634828978987753,0.28292576065974595,False,0.6183960711324475,,26.0,11.745689655172415
42.76015329360962,1790751941.4737663,0.361693568947387,0.28287940910128395,False,0.5973420493524082,,26.0,11.733046286329387
42.806652784347534,1790751941.5202658,0.34631047308776847,0.28286049071516445,False,0.604572295439609,,26.0,11.720430107526882
42.85257697105408,1790751941.56619,0.35447690964069845,0.2828415723290449,False,0.588266849098443,,26.0,11.707841031149302
42.897993087768555,1790751941.6116061,0.34817864840564455,0.2828300531454382,False,0.5675656949785045,,26.0,11.695278969957082
42.943233489990234,1790751941.6568465,0.3401429168870413,0.28281853396183154,False,0.5594745078676068,,26.0,11.682743837084674
42.98906135559082,1790751941.7026744,0.35062755562672926,0.2827688277272421,False,0.5523575712512387,,26.0,11.670235546038544
43.03504395484924,1790751941.748657,0.3456512063366012,0.28271912149265266,False,0.5392370187276192,,26.0,11.657754010695188
43.08160161972046,1790751941.7952147,0.3470769834422016,0.28270947447592515,False,0.5122534623440221,,26.0,11.645299145299145
43.12631702423096,1790751941.83993,0.3281459026027398,0.2826998274591977,False,0.5297648141012139,,26.0,11.632870864461047
43.171674728393555,1790751941.8852878,0.33101372470504775,0.28267456539733354,False,0.5164997429950285,,26.0,11.620469083155651
43.217915773391724,1790751941.9315288,0.34592083116783634,0.28264930333546934,False,0.5291897625255689,,26.0,11.608093716719916
43.262691259384155,1790751941.9763043,0.3236221799967853,0.28260964712097836,False,0.5250474709028908,,26.0,11.595744680851064
43.30783748626709,1790751942.0214505,0.3423060614765762,0.2825699909064874,False,0.5113414290024271,,26.0,11.583421891604676
43.35503578186035,1790751942.0686488,0.3224273661473692,0.2825525446589352,False,0.5112472949745336,,26.0,11.571125265392782
43.3997368812561,1790751942.11335,0.3232955803239915,0.282535098411383,False,0.5106502228672741,,26.0,11.558854718981973
43.445419788360596,1790751942.1590328,0.32735877744175657,0.28245756028353963,False,0.5318188692986425,,26.0,11.546610169491526
43.49211025238037,1790751942.2057233,0.34133874795886066,0.28238002215569624,False,0.5110647439510273,,26.0,11.534391534391535
43.54072618484497,1790751942.2543392,0.32255980891895353,0.282339291887073,False,0.5341745841635347,,26.0,11.522198731501057
43.58756184577942,1790751942.3011749,0.33481368995250527,0.2822985616184498,False,0.5207756147028788,,26.0,11.510031678986273
43.631781816482544,1790751942.3453948,0.33113696238765855,0.282263574331372,False,0.5391397919543568,,26.0,11.49789029535865
43.675955057144165,1790751942.389568,0.3363216156769443,0.2822285870442942,False,0.5476556247817336,,26.0,11.485774499473129
43.72290086746216,1790751942.436514,0.3400408181495743,0.28221130671990713,False,0.5522920615998087,,26.0,11.473684210526315
43.76789116859436,1790751942.4815042,0.33837135479078406,0.28219402639552005,False,0.713985888373974,,26.0,11.461619348054679
43.81510281562805,1790751942.5287158,0.3307185849741645,0.2821487539209824,False,0.7348493720762181,,26.0,11.449579831932773
43.86035990715027,1790751942.573973,0.3272564903506086,0.2821034814464447,False,0.764968183111211,,26.0,11.437565582371459
43.906249046325684,1790751942.619862,0.327780006241462,0.2820392563412014,False,0.7924682868122626,,26.0,11.425576519916142
43.95346140861511,1790751942.6670744,0.34644176653995196,0.28197503123595813,False,0.8048880215785904,,26.0,11.413612565445026
43.999308347702026,1790751942.7129214,0.3528439186223983,0.28181488075818517,False,0.8161803247895757,,26.0,11.401673640167365
44.04600405693054,1790751942.759617,0.35484912438155297,0.2816547302804122,False,0.8450628746461497,,26.0,11.389759665621735
44.09213376045227,1790751942.8057468,0.3535899861379129,0.2816083977469054,False,0.8850343966965375,,26.0,11.377870563674323
44.13794755935669,1790751942.8515606,0.34582168977209427,0.28156206521339866,False,0.9198257844529246,,26.0,11.366006256517206
44.18566417694092,1790751942.8992772,0.2947779303738057,0.28155215522652466,False,0.896922348921076,,26.0,11.354166666666666
44.23134255409241,1790751942.9449556,0.17793883065901406,0.2815422452396506,True,0.8996782306682064,,26.0,11.446409989594173
44.2767117023468,1790751942.9903247,0.17980133302921097,0.2815115976998999,True,0.8963305934998788,,26.0,11.538461538461538
44.324110984802246,1790751943.037724,0.20127115611413632,0.2814809501601493,True,0.8916919179671084,,26.0,11.630321910695743
44.36897158622742,1790751943.0825846,0.28758380950283646,0.28139637102237014,False,0.9238824520696988,137.62903213500977,27.0,11.618257261410788
44.4138560295105,1790751943.127469,0.30245374950257964,0.2813117918845911,False,0.9149430104958663,,27.0,11.606217616580311
44.46100926399231,1790751943.1746223,0.32667045217115614,0.2813107946168437,False,0.9192375427667961,,27.0,11.594202898550725
44.50730752944946,1790751943.2209206,0.34579091471794243,0.28130979734909634,False,0.9007297695646842,,27.0,11.582213029989658
44.55453896522522,1790751943.268152,0.3523392187219585,0.2812549434155661,False,0.9231621826850723,,27.0,11.570247933884298
44.59991264343262,1790751943.3135257,0.363217855879004,0.2812000894820359,False,0.8562605351376315,,27.0,11.55830753353973
44.646021604537964,1790751943.3596346,0.3672320043760538,0.28099321166132935,False,0.8513816350280277,,27.0,11.54639175257732
44.69141221046448,1790751943.4050252,0.36967296956862195,0.2807863338406228,False,0.8563676225380342,,27.0,11.53450051493306
44.737014293670654,1790751943.4506273,0.3555692807896673,0.28073569431230083,False,0.8138603499036493,,27.0,11.522633744855968
44.78409719467163,1790751943.4977102,0.3550040128946617,0.28068505478397887,False,0.8504048562965223,,27.0,11.510791366906476
44.82983112335205,1790751943.5434442,0.3516679683513646,0.28054588396519686,False,0.8149629832898797,,27.0,11.498973305954825
44.876039028167725,1790751943.589652,0.34353209302233256,0.28040671314641474,False,0.809967700359451,,27.0,11.487179487179487
44.92314839363098,1790751943.6367614,0.27817499567270154,0.28031638585329216,True,0.8192057717198893,,27.0,11.577868852459016
44.96901035308838,1790751943.6826234,0.21418708866076597,0.2802260585601696,True,0.8023586692890098,,27.0,11.66837256908905
45.01540017127991,1790751943.7290132,0.28147405682374493,0.2801886437560357,False,0.7949040814166273,92.25177764892578,28.0,11.65644171779141
45.06056356430054,1790751943.7741766,0.3376153989687608,0.28015122895190175,False,0.7958840207981759,,28.0,11.644535240040858
45.1071138381958,1790751943.8207269,0.3608593329890315,0.2801349851841389,False,0.7980982126393796,,28.0,11.63265306122449
45.153605937957764,1790751943.867219,0.3758029618263712,0.28015122895190175,False,0.8037121941335983,,28.0,11.62079510703364
45.19768762588501,1790751943.9113007,0.3650880006710979,0.2801349851841389,False,0.7984705811674125,,28.0,11.608961303462321
45.24341607093811,1790751943.957029,0.3769026076018977,0.28015122895190175,False,0.8015778072118904,,28.0,11.597151576805697
45.29259252548218,1790751944.0062056,0.3744298367879311,0.2801886437560357,False,0.7617964762002315,,28.0,11.585365853658537
45.34109950065613,1790751944.0547125,0.37024184698034857,0.28015122895190175,False,0.8097651615446391,,28.0,11.573604060913706
45.38783311843872,1790751944.1014462,0.3711557793004885,0.2801349851841389,False,0.7937724548470855,,28.0,11.561866125760648
45.43222713470459,1790751944.1458402,0.36578807765759125,0.280118741416376,False,0.777300777160436,,28.0,11.55015197568389
45.47995948791504,1790751944.1935725,0.37622047742654635,0.2801349851841389,False,0.7752665271512562,,28.0,11.538461538461538
45.52540588378906,1790751944.239019,0.3640017942027902,0.280118741416376,False,0.7663929839889936,,28.0,11.526794742163801
45.57027530670166,1790751944.2838883,0.3751551823455945,0.2801349851841389,False,0.7962864049748674,,28.0,11.515151515151516
45.615429401397705,1790751944.3290424,0.38579654626415505,0.28015122895190175,False,0.7690785826891313,,28.0,11.503531786074673
45.660383462905884,1790751944.3739965,0.16333462831319556,0.2801349851841389,True,0.7208011301976813,,28.0,11.59274193548387
45.70562243461609,1790751944.4192355,0.1817666091850355,0.280118741416376,True,0.7115843124036076,,28.0,11.681772406847935
45.75196170806885,1790751944.4655747,0.23669921078111789,0.2801090113751994,True,0.7619765789704244,,28.0,11.770623742454728
45.7965202331543,1790751944.5101333,0.30213932731346593,0.2800992813340229,False,0.7742896449088508,136.1367702484131,29.0,11.758793969849247
45.84170961380005,1790751944.5553226,0.34479245352493565,0.2800610952783524,False,0.7670884760580885,,29.0,11.74698795180723
45.88895058631897,1790751944.6025636,0.3471118725873248,0.28002290922268186,False,0.7889964356817333,,29.0,11.735205616850552
45.93519711494446,1790751944.6488101,0.38595989824251475,0.2800610952783524,False,0.7762365125273039,,29.0,11.723446893787576
45.982830286026,1790751944.6964433,0.3752695652431574,0.2800992813340229,False,0.7859506266124097,,29.0,11.711711711711711
46.028777837753296,1790751944.7423909,0.3821763633423602,0.2801090113751994,False,0.77343823462366,,29.0,11.700000000000001
46.07384753227234,1790751944.7874606,0.3744134081036201,0.280118741416376,False,0.7929838009842705,,29.0,11.688311688311687
46.12157917022705,1790751944.8351922,0.3622956293648075,0.2801090113751994,False,0.78492186126796,,29.0,11.676646706586826
46.167421102523804,1790751944.8810341,0.38116277682227506,0.280118741416376,False,0.7873439200153546,,29.0,11.665004985044865
46.21431875228882,1790751944.9279318,0.3786210341332257,0.2801349851841389,False,0.7710053173991297,,29.0,11.653386454183266
46.259801149368286,1790751944.9734142,0.339488496017467,0.280118741416376,False,0.7734795389879828,,29.0,11.641791044776118
46.30712532997131,1790751945.0207384,0.1964879810869442,0.2801090113751994,True,0.7598434254512701,,29.0,11.72962226640159
46.355297327041626,1790751945.0689104,0.144192548866214,0.2800992813340229,True,0.7545344720452833,,29.0,11.817279046673287
46.40861201286316,1790751945.122225,0.17408481438960077,0.2800610952783524,True,0.7644015157603108,,29.0,11.904761904761903
46.45509099960327,1790751945.168704,0.21127239594963723,0.28002290922268186,True,0.7595547598568011,,29.0,11.992071357779981
46.5009765625,1790751945.2145896,0.289804815800045,0.27997765948363407,False,0.7734879783899076,193.85123252868652,30.0,11.98019801980198
46.54710578918457,1790751945.2607188,0.3106897353054396,0.2799324097445862,False,0.7736694951484592,,30.0,11.968348170128586
46.59361433982849,1790751945.3072274,0.3185392323027114,0.2798997502181187,False,0.7925376066426523,,30.0,11.956521739130435
46.63896441459656,1790751945.3525774,0.3379973719498863,0.27986709069165117,False,0.7783129522075815,,30.0,11.94471865745311
46.6859929561615,1790751945.399606,0.3402789775601783,0.27985602540664756,False,0.7850632205954241,,30.0,11.93293885601578
46.73050355911255,1790751945.4441166,0.34439631832162554,0.27984496012164395,False,0.785367182364616,,30.0,11.921182266009852
46.775086879730225,1790751945.4887,0.34553101538381736,0.27984496012164395,False,0.7599115176719977,,30.0,11.909448818897637
46.82134461402893,1790751945.5349576,0.34807053740198723,0.27984496012164395,False,0.7866509982753896,,30.0,11.897738446411013
46.866650342941284,1790751945.5802634,0.35801054028942536,0.2797851659938241,False,0.771318155946452,,30.0,11.886051080550098
46.91237831115723,1790751945.6259913,0.3549602591263906,0.2797253718660042,False,0.7593232073839894,,30.0,11.874386653581944
46.95805644989014,1790751945.6716695,0.3497263437788301,0.2796592720708102,False,0.7644593823162169,,30.0,11.862745098039214
47.0030722618103,1790751945.7166853,0.352822063791443,0.2795931722756162,False,0.786073464507594,,30.0,11.851126346718903
47.05272173881531,1790751945.7663348,0.3496559050347352,0.279587539034962,False,0.7457640614063742,,30.0,11.839530332681017
47.09790229797363,1790751945.8115153,0.3078351168329655,0.27958190579430775,False,0.7785468499683675,,30.0,11.827956989247312
47.14349913597107,1790751945.8571122,0.15971929594494932,0.2795484189880667,True,0.7338809845583867,,30.0,11.9140625
47.189178228378296,1790751945.9027913,0.14830235023712757,0.27951493218182566,True,0.755090602688934,,30.0,12.0
47.23409700393677,1790751945.94771,0.1694400774527195,0.2794997101921423,True,0.7686366543214109,,30.0,12.085769980506821
47.28002905845642,1790751945.993642,0.2106957206295538,0.27948448820245897,True,0.7622377769978507,,30.0,12.171372930866601
47.32663655281067,1790751946.0402496,0.2464281516060478,0.2794507256446429,True,0.7696879851332791,,30.0,12.2568093385214
47.372241497039795,1790751946.0858545,0.29056810934042976,0.27941696308682684,False,0.7963277000135827,228.7423610687256,31.0,12.244897959183673
47.4220917224884,1790751946.1357048,0.31596337038588607,0.2793784340630595,False,0.8535087922254958,,31.0,12.233009708737864
47.468199491500854,1790751946.1818125,0.3308524216510571,0.2793399050392923,False,0.94003655256021,,31.0,12.221144519883609
47.51869869232178,1790751946.2323117,0.33646386102604275,0.27929712407602225,False,0.9513694890461231,,31.0,12.209302325581394
47.56783843040466,1790751946.2814515,0.3415704074017729,0.2792543431127522,False,0.9953666839640996,,31.0,12.197483059051308
47.613168716430664,1790751946.3267817,0.3349768970142469,0.27916167483398857,False,1.0252701732932734,,31.0,12.18568665377176
47.65786385536194,1790751946.371477,0.334553924454772,0.2790690065552248,False,0.8033364514342255,,31.0,12.173913043478262
47.70204281806946,1790751946.4156559,0.355442173611328,0.27901757240568525,False,0.7021155772079845,,31.0,12.162162162162163
47.7472505569458,1790751946.4608636,0.3672710594026917,0.2789661382561457,False,0.6301098376319417,,31.0,12.150433944069432
47.7922728061676,1790751946.5058858,0.3767426663942497,0.27901757240568525,False,0.7123828154889942,,31.0,12.138728323699421
47.83747053146362,1790751946.5510836,0.373925253780215,0.2790690065552248,False,0.6411469120072548,,31.0,12.127045235803656
47.886048555374146,1790751946.5996616,0.39049576093086735,0.27916167483398857,False,0.5823404309200455,,31.0,12.115384615384615
47.93111777305603,1790751946.6447308,0.3908611156300618,0.2792543431127522,False,0.47410625021949626,,31.0,12.103746397694524
47.97691535949707,1790751946.6905284,0.3786055497332418,0.27929712407602225,False,0.4481889291552925,,31.0,12.092130518234164
48.02403998374939,1790751946.737653,0.3939689095670235,0.2793399050392923,False,0.49710240671338124,,31.0,12.080536912751679
48.07123947143555,1790751946.7848525,0.3855652889756247,0.2793784340630595,False,0.5105236027661517,,31.0,12.068965517241379
48.11796259880066,1790751946.8315756,0.3936539266224598,0.27941696308682684,False,0.523505167278627,,31.0,12.057416267942584
48.169230699539185,1790751946.8828437,0.3527522844283485,0.2793784340630595,False,0.563678458352956,,31.0,12.045889101338432
48.21626567840576,1790751946.9298787,0.22177319673046578,0.2793399050392923,True,0.5362312898101959,,31.0,12.12989493791786
48.26129913330078,1790751946.9749122,0.15753789030130383,0.27929712407602225,True,0.6402002859762022,,31.0,12.213740458015266
48.306535482406616,1790751947.0201485,0.17033847648947675,0.2792543431127522,True,0.6937611795319996,,31.0,12.297426120114395
48.35380482673645,1790751947.0674179,0.23583284481398648,0.27916167483398857,True,0.6724202213144523,,31.0,12.380952380952381
48.4013557434082,1790751947.1149688,0.30920771858594687,0.2790690065552248,False,0.661488299583477,185.0900650024414,32.0,12.369172216936251
48.44679284095764,1790751947.1604059,0.3190370914207008,0.27901757240568525,False,0.685063153000352,,32.0,12.357414448669202
48.49226093292236,1790751947.205874,0.33345207104839203,0.2789661382561457,False,0.6783612790379341,,32.0,12.345679012345679
48.537574768066406,1790751947.2511878,0.3347635855045463,0.27884664413876253,False,0.6959410304770889,,32.0,12.333965844402277
48.584243297576904,1790751947.2978563,0.33287452509639726,0.2787271500213794,False,0.6862234155402274,,32.0,12.322274881516588
48.629432916641235,1790751947.343046,0.3445515267927183,0.27872232647525963,False,0.7030004805495846,,32.0,12.31060606060606
48.67415690422058,1790751947.38777,0.3551104974399628,0.2787175029291398,False,0.6911105818845819,,32.0,12.298959318826869
48.720191955566406,1790751947.433805,0.33659475514597514,0.27862268925309286,False,0.696419276866529,,32.0,12.287334593572778
48.765798568725586,1790751947.4794116,0.34397359551168927,0.27852787557704584,False,0.7252072175022521,,32.0,12.275731822474032
48.812572956085205,1790751947.526186,0.34760820063468273,0.27845304429684065,False,0.7044555619889297,,32.0,12.264150943396226
48.858675956726074,1790751947.572289,0.3317585674131805,0.2783782130166354,False,0.6686146190246489,,32.0,12.25259189443921
48.90419340133667,1790751947.6178064,0.3376885745449663,0.27837252374600086,False,0.6329125219964336,,32.0,12.24105461393597
48.951029539108276,1790751947.6646426,0.33621932858579634,0.27836683447536636,False,0.6378552905055516,,32.0,12.229539040451552
48.996018409729004,1790751947.7096314,0.34830960510475495,0.2783638873444624,False,0.6284578511894352,,32.0,12.218045112781954
49.04003858566284,1790751947.7536516,0.34207606827498227,0.2783609402135584,False,0.6461748125817868,,32.0,12.206572769953052
49.08506917953491,1790751947.7986822,0.3453366871064726,0.2783593954814896,False,0.6552032863364418,,32.0,12.195121951219512
49.13012099266052,1790751947.843734,0.35026989801560005,0.2783578507494207,False,0.6676048394189376,,32.0,12.18369259606373
49.174604654312134,1790751947.8882177,0.3614161047073443,0.27835012560450806,False,0.6650384109291453,,32.0,12.172284644194757
49.220412254333496,1790751947.9340253,0.3453860376696356,0.27834240045959546,False,0.6565099479406884,,32.0,12.160898035547241
49.2651629447937,1790751947.978776,0.36301600620064334,0.2783340433962908,False,0.6687283439274536,,32.0,12.149532710280374
49.31135368347168,1790751948.0249667,0.3703958580921347,0.27832568633298616,False,0.682580227716836,,32.0,12.138188608776844
49.358227491378784,1790751948.0718405,0.36386180947515434,0.2782599775820757,False,0.6566727511645991,,32.0,12.126865671641792
49.40352201461792,1790751948.117135,0.3601213502251135,0.27819426883116527,False,0.6504656170017112,,32.0,12.115563839701771
49.44991064071655,1790751948.1635237,0.33029856624068427,0.2781043413231295,False,0.6752808669406684,,32.0,12.104283054003725
49.49494194984436,1790751948.208555,0.12823463216367648,0.27801441381509373,True,0.6390276760283997,,32.0,12.186046511627907
49.54148769378662,1790751948.2551007,0.12348339152016297,0.2779845355910747,True,0.6543830110123335,,32.0,12.267657992565056
49.591686725616455,1790751948.3052998,0.18244803747721064,0.27795465736705566,True,0.6539375919495569,,32.0,12.349117920148561
49.637311697006226,1790751948.3509247,0.22433556949366185,0.2778757754680784,True,0.6621421223944183,,32.0,12.430426716141001
49.68387484550476,1790751948.3974879,0.2407567563931552,0.27779689356910103,True,0.6624016537841059,,32.0,12.511584800741426
49.729196310043335,1790751948.4428093,0.2815830765229895,0.2777413907883929,False,0.6788630489181379,234.2543601989746,33.0,12.5
49.77455163002014,1790751948.4881647,0.30641805348223516,0.2776858880076847,False,0.6812122163911873,,33.0,12.488436632747456
49.820759534835815,1790751948.5343726,0.3173339917907897,0.27768363662147305,False,0.6668781396065303,,33.0,12.476894639556377
49.86612415313721,1790751948.5797372,0.3291020498751813,0.2776813852352614,False,0.6682281856809021,,33.0,12.465373961218837
49.912015199661255,1790751948.6256282,0.32616841818553133,0.27762413283372706,False,0.679994958024828,,33.0,12.453874538745389
49.95817685127258,1790751948.67179,0.3296182256354592,0.2775668804321927,False,0.658220426250189,,33.0,12.442396313364055
50.00321817398071,1790751948.7168312,0.34438951475107843,0.2775277879730649,False,0.6741277821828403,,33.0,12.430939226519337
50.04907584190369,1790751948.7626889,0.34791158214609796,0.277488695513937,False,0.6741708209329633,,33.0,12.419503219871206
50.093899965286255,1790751948.807513,0.35201171258134445,0.277488695513937,False,0.6999489079866374,,33.0,12.408088235294118
50.13928961753845,1790751948.8529027,0.3532106238383663,0.277488695513937,False,0.6677127795040239,,33.0,12.396694214876034
50.18558192253113,1790751948.899195,0.3482031102425143,0.277446009549289,False,0.6692149511688824,,33.0,12.385321100917432
50.23044395446777,1790751948.944057,0.3613311222456882,0.27740332358464104,False,0.695961673832475,,33.0,12.37396883593034
50.27884316444397,1790751948.9924562,0.3639837452760015,0.27740332358464104,False,0.6740206897431399,,33.0,12.362637362637363
50.324307918548584,1790751949.037921,0.37209182999373214,0.27740332358464104,False,0.67737482725278,,33.0,12.351326623970722
50.37042546272278,1790751949.0840385,0.360380626648634,0.27740332358464104,False,0.6858314773110449,,33.0,12.340036563071298
50.41870832443237,1790751949.1323214,0.36021571002511954,0.27740332358464104,False,0.6635597009178136,,33.0,12.32876712328767
50.462608098983765,1790751949.1762211,0.3526984883501608,0.2774028186155718,False,0.6658711861039728,,33.0,12.317518248175183
50.50823998451233,1790751949.221853,0.36187905955825816,0.27740231364650264,False,0.6671026175159622,,33.0,12.306289881494987
50.553574323654175,1790751949.2671874,0.3636093671124525,0.2774015856632087,False,0.6580995507620078,,33.0,12.295081967213115
50.59963870048523,1790751949.3132517,0.3519046000869747,0.27740085767991485,False,0.6591391152060487,,33.0,12.283894449499545
50.64573407173157,1790751949.359347,0.37240256023328133,0.2774015856632087,False,0.659572242029738,,33.0,12.272727272727273
50.69430470466614,1790751949.4079177,0.3447470799571167,0.27740085767991485,False,0.6624337401973105,,33.0,12.26158038147139
50.741973638534546,1790751949.4555867,0.3657596563170915,0.27733785624574187,False,0.653343534448267,,33.0,12.250453720508167
50.78958439826965,1790751949.5031974,0.35516691964828023,0.2772748548115689,False,0.6607641026480287,,33.0,12.239347234814144
50.83706259727478,1790751949.5506756,0.375918940630911,0.27733785624574187,False,0.6199437053342411,,33.0,12.228260869565217
50.8839111328125,1790751949.5975242,0.3695447093922183,0.2772748548115689,False,0.5902523623206808,,33.0,12.217194570135746
50.929182052612305,1790751949.642795,0.37781992183823465,0.27733785624574187,False,0.6264256264864415,,33.0,12.206148282097649
50.974928855895996,1790751949.688542,0.3610546622228078,0.2772748548115689,False,0.6192273366098866,,33.0,12.195121951219512
51.021162033081055,1790751949.734775,0.35330620654799366,0.2772647909940177,False,0.5977012511908991,,33.0,12.184115523465703
51.066418409347534,1790751949.7800314,0.36093009973414897,0.2772547271764665,False,0.6046243195117361,,33.0,12.173128944995492
51.11245512962341,1790751949.8260682,0.3697057781422781,0.2772647909940177,False,0.5960316752295487,,33.0,12.162162162162163
51.15777587890625,1790751949.871389,0.37229246726229065,0.2772748548115689,False,0.6172454378867417,,33.0,12.151215121512152
51.203190088272095,1790751949.9168031,0.36747021147882997,0.2772647909940177,False,0.6081274936115983,,33.0,12.140287769784171
51.24843168258667,1790751949.9620447,0.37445927438896687,0.2772748548115689,False,0.6104517743257523,,33.0,12.129380053908356
51.29279088973999,1790751950.006404,0.37240256023328133,0.27727709420913876,False,0.6233618411171624,,33.0,12.118491921005386
51.336713552474976,1790751950.0503266,0.36610309097165494,0.2772748548115689,False,0.6295816567961218,,33.0,12.10762331838565
51.38409447669983,1790751950.0977075,0.3780949053349656,0.27727709420913876,False,0.6503075404416003,,33.0,12.096774193548388
51.42811822891235,1790751950.1417313,0.36644103505295617,0.2772748548115689,False,0.6821679814679932,,33.0,12.085944494180842
51.47305250167847,1790751950.1866655,0.37190221629591425,0.27727709420913876,False,0.6861228738179008,,33.0,12.075134168157424
51.519227504730225,1790751950.2328405,0.34777282800755144,0.2772748548115689,False,0.6736673574527267,,33.0,12.064343163538874
51.56617331504822,1790751950.2797863,0.3575249859217301,0.2772647909940177,False,0.6914374259433985,,33.0,12.053571428571429
51.6147825717926,1790751950.3283956,0.3594358295211708,0.2772547271764665,False,0.712858634870322,,33.0,12.042818911685995
51.65976858139038,1790751950.3733816,0.3669087822756126,0.2772163165162944,False,0.7028274239256175,,33.0,12.032085561497325
51.70441150665283,1790751950.4180245,0.36741525715914153,0.2771779058561224,False,0.7142567218074332,,33.0,12.021371326803205
51.75069570541382,1790751950.4643087,0.37062613395565125,0.2772163165162944,False,0.7364264643103976,,33.0,12.01067615658363
51.7978732585907,1790751950.5114863,0.3744847114247473,0.2772547271764665,False,0.714922307883292,,33.0,12.0
51.84628868103027,1790751950.5599017,0.33626690168331236,0.2772163165162944,False,0.672826202344672,,33.0,11.989342806394317
51.893868923187256,1790751950.607482,0.1506612504354808,0.2771779058561224,True,0.6693329737998638,,33.0,12.067435669920142
51.94124460220337,1790751950.6548576,0.13730387888955947,0.2771682189501431,True,0.65446747499965,,33.0,12.145390070921986
51.99075269699097,1790751950.7043657,0.17344796473158705,0.27715853204416374,True,0.6544548667583332,,33.0,12.223206377325067
52.036816120147705,1790751950.7504292,0.23573624412103172,0.27706048640043596,True,0.666849959447849,,33.0,12.300884955752213
52.084120750427246,1790751950.7977338,0.2672752774657839,0.2769624407567082,True,0.673294100046224,,33.0,12.37842617152962
52.13017916679382,1790751950.8437922,0.30667749331050653,0.27696148437429396,False,0.6613632476151052,236.31024360656738,34.0,12.36749116607774
52.1766357421875,1790751950.8902488,0.32465767121340067,0.27696052799187976,False,0.6660727006554359,,34.0,12.35657546337158
52.22171425819397,1790751950.9353273,0.33548241069797435,0.27692794212096394,False,0.6990140673212686,,34.0,12.345679012345679
52.2689323425293,1790751950.9825454,0.3412054705192329,0.2768953562500481,False,0.6869415612906823,,34.0,12.334801762114537
52.316805362701416,1790751951.0304184,0.34028459063750083,0.27683588262066927,False,0.6725771668496302,,34.0,12.323943661971832
52.36309337615967,1790751951.0767064,0.35454285624391824,0.2767764089912905,False,0.6630791216761236,,34.0,12.313104661389621
52.40961050987244,1790751951.1232235,0.35720727424894405,0.27669176193707623,False,0.6725771668496302,,34.0,12.302284710017574
52.45588707923889,1790751951.1695,0.3725682099677332,0.2767764089912905,False,0.6739258065092072,,34.0,12.291483757682178
52.501864433288574,1790751951.2154775,0.35392927847418965,0.27669176193707623,False,0.6642716382369803,,34.0,12.280701754385964
52.54808783531189,1790751951.2617009,0.36373982723704396,0.27660711488286194,False,0.6961435759613355,,34.0,12.269938650306749
52.59361004829407,1790751951.307223,0.22418718230841184,0.2765282496046269,True,0.6667600622845116,,34.0,12.34676007005254
52.639153242111206,1790751951.3527663,0.1711477933256552,0.27644938432639193,True,0.6564468000377541,,34.0,12.42344706911636
52.685781478881836,1790751951.3993945,0.16366713832683105,0.27642121452670004,True,0.6584652345079651,,34.0,12.5
52.731085538864136,1790751951.4446986,0.24689093961244357,0.2763930447270082,True,0.6357263900806793,,34.0,12.5764192139738
52.77595376968384,1790751951.4895668,0.2978214874746218,0.27632538162969333,False,0.6905704535499113,182.3437213897705,35.0,12.56544502617801
52.821542739868164,1790751951.5351558,0.32832372878057303,0.27625771853237835,False,0.648238284016884,,35.0,12.554489973844813
52.868552923202515,1790751951.582166,0.3478088172111502,0.27620885024460395,False,0.6518129482896344,,35.0,12.543554006968641
52.91329026222229,1790751951.6269033,0.34917338038821477,0.27615998195682956,False,0.6612388810546269,,35.0,12.532637075718014
52.958420276641846,1790751951.6720333,0.37462935156431654,0.27620885024460395,False,0.6404336034114736,,35.0,12.521739130434783
53.005433320999146,1790751951.7190464,0.3820717869200958,0.27625771853237835,False,0.6611751919955843,,35.0,12.510860121633364
53.052196979522705,1790751951.76581,0.37605718777088815,0.27632538162969333,False,0.6536035023844438,,35.0,12.5
53.100353956222534,1790751951.813967,0.3533395088217638,0.27625771853237835,False,0.649668405069732,,35.0,12.489158716392021
53.14700770378113,1790751951.8606207,0.38072776953567067,0.27632538162969333,False,0.6808219646075245,,35.0,12.478336221837088
53.19205594062805,1790751951.905669,0.3825237717688077,0.2763930447270082,False,0.671386618961078,,35.0,12.467532467532468
53.237056732177734,1790751951.9506698,0.38157275617860253,0.27642121452670004,False,0.6633084051844788,,35.0,12.45674740484429
53.28359127044678,1790751951.9972043,0.3823094221280431,0.27644938432639193,False,0.6765952887334271,,35.0,12.445980985306827
53.32872271537781,1790751952.0423357,0.3868548441056423,0.2765282496046269,False,0.6505619845482519,,35.0,12.435233160621761
53.37687301635742,1790751952.090486,0.3750004731284638,0.27660711488286194,False,0.6978631928087102,,35.0,12.424503882657463
53.431198835372925,1790751952.1448119,0.3895448806943152,0.27669176193707623,False,0.6658584262069233,,35.0,12.413793103448276
53.47846269607544,1790751952.1920757,0.38911692258754527,0.2767764089912905,False,0.6794017652406009,,35.0,12.4031007751938
53.52416157722473,1790751952.2377746,0.38932700421559735,0.27683588262066927,False,0.6544691311559927,,35.0,12.392426850258175
53.56861758232117,1790751952.2822306,0.3829318668313445,0.2768953562500481,False,0.6574739099059405,,35.0,12.381771281169389
53.616519927978516,1790751952.330133,0.3891968356698631,0.27692794212096394,False,0.651191331438149,,35.0,12.371134020618557
53.662147760391235,1790751952.3757608,0.3980472552262137,0.27696052799187976,False,0.6636849949328252,,35.0,12.360515021459227
53.709131956100464,1790751952.422745,0.38761999649084167,0.27696148437429396,False,0.6634193112362675,,35.0,12.34991423670669
53.75521206855774,1790751952.468825,0.3939401940568711,0.2769624407567082,False,0.6547840528255134,,35.0,12.339331619537274
53.79975628852844,1790751952.5133693,0.37928620828755555,0.27706048640043596,False,0.6634193112362675,,35.0,12.32876712328767
53.84760904312134,1790751952.561222,0.38134948006681285,0.27715853204416374,False,0.6983198742364868,,35.0,12.318220701454234
53.89472937583923,1790751952.6083424,0.38033952302664153,0.2771682189501431,False,0.6819093170588518,,35.0,12.307692307692308
53.94091272354126,1790751952.6545258,0.38497192384768975,0.2771779058561224,False,0.6556716586019382,,35.0,12.297181895815543
53.98802661895752,1790751952.7016397,0.3761561145954599,0.2772163165162944,False,0.6416175547315843,,35.0,12.286689419795222
54.03329014778137,1790751952.7469032,0.3950736633528963,0.2772547271764665,False,0.643043730054355,,35.0,12.27621483375959
54.08074641227722,1790751952.7943594,0.3860353237463602,0.2772647909940177,False,0.6566002322883262,,35.0,12.265758091993186
54.12519836425781,1790751952.8388114,0.2412002424405316,0.2772547271764665,True,0.625679417622341,,35.0,12.340425531914894
54.171120405197144,1790751952.8847334,0.130964674420947,0.2772163165162944,True,0.6281250842888473,,35.0,12.414965986394558
54.21909165382385,1790751952.9327047,0.1797240131321674,0.2771779058561224,True,0.6372533742568359,,35.0,12.489379779099405
54.26439142227173,1790751952.9780045,0.284171894429558,0.2771682189501431,False,0.6311310570795686,139.19305801391602,36.0,12.478777589134125
54.310635805130005,1790751953.0242488,0.3076073699923402,0.27715853204416374,False,0.6461164043919255,,36.0,12.46819338422392
54.354722023010254,1790751953.068335,0.35676778376313967,0.27706048640043596,False,0.6279808186591397,,36.0,12.45762711864407
54.40098595619202,1790751953.114599,0.354629025963335,0.2769624407567082,False,0.6306060006319392,,36.0,12.447078746824724
54.448915004730225,1790751953.162528,0.36170460042343966,0.27696148437429396,False,0.619306211344113,,36.0,12.436548223350254
54.495139360427856,1790751953.2087524,0.38272034227358476,0.2769624407567082,False,0.6372563828296051,,36.0,12.42603550295858
54.53899669647217,1790751953.2526097,0.3743195111165006,0.27706048640043596,False,0.6369541528307273,,36.0,12.41554054054054
54.585612297058105,1790751953.2992253,0.37192604144909003,0.27715853204416374,False,0.629721805386518,,36.0,12.40506329113924
54.62977385520935,1790751953.343387,0.38295469033082374,0.2771682189501431,False,0.656182602499489,,36.0,12.39460370994941
54.677576541900635,1790751953.3911896,0.3873281326916193,0.2771779058561224,False,0.6402201224126988,,36.0,12.384161752316764
54.72327017784119,1790751953.4368832,0.18837073916873892,0.2771682189501431,True,0.6160521147082876,,36.0,12.457912457912458
54.76909899711609,1790751953.482712,0.13863033798206514,0.27715853204416374,True,0.6315768358335683,,36.0,12.531539108494533
54.81754469871521,1790751953.5311577,0.17421959780529445,0.27706048640043596,True,0.6339632158092723,,36.0,12.605042016806722
54.86301398277283,1790751953.576627,0.2801537664377419,0.2769624407567082,False,0.6236570048025419,139.74380493164062,37.0,12.594458438287154
54.90884041786194,1790751953.6224535,0.3206024835807776,0.27696148437429396,False,0.634622045261712,,37.0,12.583892617449665
54.954952239990234,1790751953.6685653,0.34515407629452716,0.27696052799187976,False,0.6172385006636765,,37.0,12.573344509639565
55.00172424316406,1790751953.7153373,0.36543770671769804,0.27692794212096394,False,0.6354862848328443,,37.0,12.562814070351758
55.048335790634155,1790751953.7619488,0.37926100066171275,0.27696052799187976,False,0.6243154692399174,,37.0,12.552301255230125
55.09255313873291,1790751953.8061662,0.3808453945526837,0.27696148437429396,False,0.6349268870716902,,37.0,12.54180602006689
55.136964082717896,1790751953.850577,0.3770200000011229,0.2769624407567082,False,0.6416508501064233,,37.0,12.531328320802004
55.18309044837952,1790751953.8967035,0.3960285626904221,0.27706048640043596,False,0.6544618572491216,,37.0,12.520868113522537
55.2270622253418,1790751953.9406753,0.38989619920632246,0.27715853204416374,False,0.6407191310826751,,37.0,12.51042535446205
55.27407121658325,1790751953.9876842,0.40441231275709266,0.2771682189501431,False,0.6609573572242297,,37.0,12.5
55.320284843444824,1790751954.0338979,0.40183427319164,0.2771779058561224,False,0.6331533654602872,,37.0,12.489592006661116
55.36461567878723,1790751954.0782287,0.37614182794700524,0.2772163165162944,False,0.6387369039839705,,37.0,12.479201331114808
55.410640239715576,1790751954.1242533,0.40418957043612336,0.2772547271764665,False,0.6340039712195445,,37.0,12.468827930174564
55.45490622520447,1790751954.1685193,0.39467108511251886,0.2772647909940177,False,0.6421582937276685,,37.0,12.458471760797343
55.4990439414978,1790751954.212657,0.38710632218766017,0.2772748548115689,False,0.628903185159991,,37.0,12.448132780082988
55.546793937683105,1790751954.260407,0.38033952302664153,0.27727709420913876,False,0.6264497892670827,,37.0,12.437810945273633
55.591036319732666,1790751954.3046494,0.3864379297872935,0.2772793336067086,False,0.6586507692502911,,37.0,12.427506213753107
55.63556241989136,1790751954.3491755,0.40100584108785475,0.27734009564331175,False,0.6435264409996712,,37.0,12.417218543046356
55.683202266693115,1790751954.3968153,0.3665846582796023,0.2772793336067086,False,0.6369947863142215,,37.0,12.40694789081886
55.72727656364441,1790751954.4408896,0.17598428603865862,0.27727709420913876,True,0.6054169103140675,,37.0,12.479338842975206
55.77179408073425,1790751954.485407,0.18533431769822156,0.2772748548115689,True,0.6211481929750614,,37.0,12.551610239471511
55.81918525695801,1790751954.5327983,0.18668734492061279,0.2772647909940177,True,0.6099204821865438,,37.0,12.623762376237623
55.862990617752075,1790751954.5766037,0.26628669488730233,0.2772547271764665,True,0.6307302304450563,,37.0,12.695795548227535
55.90779376029968,1790751954.6214068,0.27622154582540115,0.2772163165162944,True,0.6328746122714987,,37.0,12.767710049423394
55.95281386375427,1790751954.666427,0.29855043484332405,0.2771779058561224,False,0.6298748151046277,225.53730010986328,38.0,12.757201646090536
55.99799847602844,1790751954.7116115,0.3317137632518837,0.2771682189501431,False,0.6418906676794743,,38.0,12.746710526315788
56.044177770614624,1790751954.7577908,0.3292435103282304,0.27715853204416374,False,0.6452779578950242,,38.0,12.736236647493836
56.08946442604065,1790751954.8030775,0.3364802587902413,0.27706048640043596,False,0.6289557518311568,,38.0,12.725779967159278
56.135047912597656,1790751954.848661,0.34288583491109337,0.2769624407567082,False,0.6404463078392914,,38.0,12.715340442986053
56.182761907577515,1790751954.896375,0.34772826398883605,0.27696148437429396,False,0.626640580113796,,38.0,12.704918032786885
56.22878551483154,1790751954.9423985,0.35746039766775395,0.27696052799187976,False,0.6281455969574482,,38.0,12.694512694512694
56.282130002975464,1790751954.995743,0.348302600790262,0.27692794212096394,False,0.6029065627435177,,38.0,12.684124386252046
56.32921242713928,1790751955.0428255,0.36111675571771273,0.2768953562500481,False,0.6206992101625275,,38.0,12.673753066230582
56.375970125198364,1790751955.0895832,0.3764987276140371,0.27692794212096394,False,0.6114219713953761,,38.0,12.663398692810457
56.421839237213135,1790751955.1354523,0.36109261610023835,0.2768953562500481,False,0.6312232331752016,,38.0,12.653061224489795
56.46721029281616,1790751955.1808233,0.3575409683690585,0.27683588262066927,False,0.6587907377186266,,38.0,12.64274061990212
56.51371216773987,1790751955.2273252,0.3677560935850337,0.2767764089912905,False,0.6302281498203189,,38.0,12.632436837815812
56.55884885787964,1790751955.272462,0.35463189558876385,0.27669176193707623,False,0.6366590685021019,,38.0,12.62214983713355
56.604493141174316,1790751955.3181062,0.36743478792024886,0.27660711488286194,False,0.6349767995536991,,38.0,12.611879576891782
56.65118455886841,1790751955.3647976,0.35843556863981973,0.2765282496046269,False,0.6465818602879365,,38.0,12.601626016260163
56.69722270965576,1790751955.4108357,0.3487552488013072,0.27644938432639193,False,0.6533706337457992,,38.0,12.591389114541023
56.74454426765442,1790751955.4581573,0.3660161693070514,0.27642121452670004,False,0.6255791311204696,,38.0,12.581168831168831
56.79057741165161,1790751955.5041904,0.36289819101891585,0.2763930447270082,False,0.6572970974216059,,38.0,12.570965125709652
56.83599352836609,1790751955.5496066,0.3574502818619935,0.27632538162969333,False,0.6462585888741177,,38.0,12.560777957860617
56.88148617744446,1790751955.5950992,0.3660161693070514,0.27625771853237835,False,0.6549719558989122,,38.0,12.550607287449392
56.926997900009155,1790751955.640611,0.3564519235294302,0.27620885024460395,False,0.6299938214224764,,38.0,12.540453074433659
56.972899436950684,1790751955.6865125,0.3686332699316297,0.27625771853237835,False,0.621459385972325,,38.0,12.530315278900567
57.01776337623596,1790751955.7313764,0.36554230145085065,0.27620885024460395,False,0.6449747393105819,,38.0,12.520193861066236
57.063146352767944,1790751955.7767594,0.3673945968258663,0.27615998195682956,False,0.6505252005935828,,38.0,12.510088781275222
57.10946488380432,1790751955.823078,0.36291476691657953,0.27602009665559574,False,0.6304953502178292,,38.0,12.5
57.15826082229614,1790751955.8718739,0.37211217399380403,0.27615998195682956,False,0.6300029711016193,,38.0,12.489927477840451
57.20517683029175,1790751955.9187899,0.35876227358293766,0.27602009665559574,False,0.6458061306404069,,38.0,12.47987117552335
57.25145626068115,1790751955.9650693,0.3660161693070514,0.2758802113543619,False,0.6258008973696624,,38.0,12.469831053901851
57.29690170288086,1790751956.0105147,0.3735624092249042,0.27602009665559574,False,0.6505051940774601,,38.0,12.459807073954984
57.34482669830322,1790751956.0584397,0.36405835121407426,0.2758802113543619,False,0.6359893675726052,,38.0,12.449799196787147
57.391178369522095,1790751956.1047914,0.36787221835632355,0.27589218756080225,False,0.6382776853825103,,38.0,12.439807383627608
57.43688893318176,1790751956.150502,0.35538192844990246,0.2758802113543619,False,0.642047441135074,,38.0,12.429831595829992
57.48339104652405,1790751956.197004,0.36496681994192015,0.27584864077156857,False,0.642047441135074,,38.0,12.419871794871796
57.52938890457153,1790751956.243002,0.36087332097856095,0.27581707018877527,False,0.6190389102670738,,38.0,12.409927942353884
57.57564330101013,1790751956.2892563,0.3746277312730405,0.27584864077156857,False,0.6246208804395033,,38.0,12.4
57.62128973007202,1790751956.3349028,0.3571403675858438,0.27581707018877527,False,0.6044606970526455,,38.0,12.390087929656275
57.66721963882446,1790751956.3808327,0.37245792655160836,0.27584864077156857,False,0.6519632981242683,,38.0,12.380191693290735
57.71390771865845,1790751956.4275208,0.3661519837538575,0.27581707018877527,False,0.6246208804395033,,38.0,12.370311252992817
57.75920033454895,1790751956.4728134,0.3724771147486551,0.27584864077156857,False,0.6184996776645068,,38.0,12.360446570972886
57.806312561035156,1790751956.5199256,0.3696873376444806,0.2758802113543619,False,0.6357320232254016,,38.0,12.350597609561753
57.85326933860779,1790751956.5668824,0.3736172971055135,0.27589218756080225,False,0.6279267177875117,,38.0,12.340764331210192
57.8982892036438,1790751956.6119022,0.23671075084167162,0.2758802113543619,True,0.6316545094768302,,38.0,12.410501193317423
57.94538760185242,1790751956.6590006,0.16330148936577324,0.27584864077156857,True,0.6262471767510521,,38.0,12.48012718600954
57.99092936515808,1790751956.7045424,0.2700286853166133,0.27581707018877527,True,0.6254345079669843,,38.0,12.54964257347101
58.036070585250854,1790751956.7496836,0.3104305574679713,0.2757602153134685,False,0.6301541241874676,137.78138160705566,39.0,12.53968253968254
58.082536458969116,1790751956.7961495,0.34229483254882925,0.2757033604381618,False,0.6353024636090538,,39.0,12.52973830293418
58.12805914878845,1790751956.8416722,0.36247840554605965,0.2756822546144742,False,0.6494953478993644,,39.0,12.519809825673534
58.1735634803772,1790751956.8871765,0.3665925608131517,0.2756611487907867,False,0.6490614118706669,,39.0,12.50989707046714
58.21925473213196,1790751956.9328678,0.37245277500708174,0.2756822546144742,False,0.6143908188076651,,39.0,12.5
58.265464305877686,1790751956.9790773,0.37386355761451745,0.2757033604381618,False,0.63386804658357,,39.0,12.4901185770751
58.313021421432495,1790751957.0266345,0.3777607068761025,0.2757602153134685,False,0.6305492645996617,,39.0,12.480252764612953
58.358012437820435,1790751957.0716255,0.3813843629884578,0.27581707018877527,False,0.6126947675519518,,39.0,12.470402525651144
58.40711998939514,1790751957.120733,0.38177957613725416,0.27584864077156857,False,0.6466882599228465,,39.0,12.46056782334385
58.452476501464844,1790751957.1660895,0.3757626738323999,0.2758802113543619,False,0.6470021399625362,,39.0,12.450748620961386
58.4978563785553,1790751957.2114694,0.38627067951472216,0.27589218756080225,False,0.6460085635749547,,39.0,12.440944881889763
58.544689893722534,1790751957.258303,0.3856127769257932,0.2759041637672427,False,0.6538561371217908,,39.0,12.431156569630213
58.5904541015625,1790751957.3040671,0.3872456931746487,0.2760320728620361,False,0.644642593661698,,39.0,12.421383647798741
58.636619329452515,1790751957.3502324,0.4041258813187306,0.27615998195682956,False,0.65277561155222,,39.0,12.411626080125687
58.68328332901001,1790751957.3968964,0.3948098356527038,0.27620885024460395,False,0.6586170141805259,,39.0,12.401883830455258
58.730064392089844,1790751957.4436774,0.39126514199268436,0.27625771853237835,False,0.6445079872017447,,39.0,12.392156862745098
58.77697777748108,1790751957.4905908,0.39955700051352927,0.27632538162969333,False,0.6352959431071746,,39.0,12.38244514106583
58.82233929634094,1790751957.5359523,0.3825343216635155,0.2763930447270082,False,0.6438017663052054,,39.0,12.372748629600625
58.86819314956665,1790751957.5818062,0.3906658311110618,0.27642121452670004,False,0.6592033048843263,,39.0,12.363067292644757
58.91556715965271,1790751957.6291802,0.37706017249810986,0.27644938432639193,False,0.6513846494808178,,39.0,12.35340109460516
58.96124792098999,1790751957.674861,0.40191950158497997,0.2764621683875571,False,0.6580213040240999,,39.0,12.34375
59.00762915611267,1790751957.7212422,0.3991928106901584,0.2764749524487223,False,0.6605081307551968,,39.0,12.334113973458235
59.05307364463806,1790751957.7666867,0.395804934875321,0.2765410336657921,False,0.6631010482436336,,39.0,12.324492979719189
59.09854459762573,1790751957.8121576,0.3921839001163616,0.27660711488286194,False,0.6765369783505268,,39.0,12.314886983632112
59.14593958854675,1790751957.8595526,0.39583800159495175,0.27669176193707623,False,0.672463487067152,,39.0,12.305295950155763
59.19170570373535,1790751957.9053187,0.39292674951519263,0.2767764089912905,False,0.6528879894772022,,39.0,12.295719844357976
59.237542390823364,1790751957.9511554,0.4044328953022672,0.27683588262066927,False,0.6588162649953281,,39.0,12.28615863141524
59.283912897109985,1790751957.997526,0.3994080663826153,0.2768953562500481,False,0.6442039592817445,,39.0,12.276612276612276
59.332207679748535,1790751958.0458207,0.38554635795260517,0.27692794212096394,False,0.6625407404122603,,39.0,12.267080745341614
59.38077354431152,1790751958.0943866,0.3176367298858076,0.2768953562500481,False,0.6579451729529318,,39.0,12.25756400310318
59.43033695220947,1790751958.14395,0.16050766090494378,0.27683588262066927,True,0.596688848211721,,39.0,12.325581395348838
59.47875428199768,1790751958.1923673,0.23999444818285895,0.2767764089912905,True,0.638214423619713,,39.0,12.393493415956623
59.52522039413452,1790751958.2388334,0.3005558800320215,0.27669176193707623,False,0.6491723108334253,94.88344192504883,40.0,12.38390092879257
59.572715282440186,1790751958.2863283,0.3349737817331789,0.27660711488286194,False,0.6586170141805259,,40.0,12.37432327919567
59.61865949630737,1790751958.3322725,0.3691573864446911,0.27669176193707623,False,0.6550219359622765,,40.0,12.364760432766616
59.66427206993103,1790751958.377885,0.3656432810592689,0.27660711488286194,False,0.6385761901847892,,40.0,12.355212355212355
59.711249351501465,1790751958.4248624,0.37834901668584225,0.27669176193707623,False,0.6786851800765971,,40.0,12.345679012345679
59.75655221939087,1790751958.4701653,0.37923104977638045,0.2767764089912905,False,0.6338606939027871,,40.0,12.336160370084812
59.802714824676514,1790751958.5163279,0.3803567528257143,0.2768222244124044,False,0.6520811076461551,,40.0,12.326656394453005
59.84941005706787,1790751958.563023,0.370262655961611,0.2768680398335183,False,0.667876224777817,,40.0,12.317167051578137
59.89533853530884,1790751958.6089516,0.38960002317654807,0.2768816980417832,False,0.6493949489314242,,40.0,12.307692307692308
59.94151425361633,1790751958.6551273,0.39300089184835346,0.2768953562500481,False,0.6643103294631543,,40.0,12.298232129131437
59.987083196640015,1790751958.7006962,0.3768726641740998,0.27692794212096394,False,0.6440670374191616,,40.0,12.288786482334869
60.032451152801514,1790751958.7460642,0.38944018872478803,0.27696052799187976,False,0.6580213040240999,,40.0,12.279355333844972
