t_rel,t_abs,ear,threshold,eye_closed,mar,blink_duration_ms,blink_freq,perclos
0.04032087326049805,1790752233.804622,0.3704933682775629,0.2771249678842194,False,0.6655128698521486,,0.0,0.0
0.09557485580444336,1790752233.859876,0.36912174851160917,0.27698313963396315,False,0.6543184324252792,,0.0,0.0
0.15001654624938965,1790752233.9143176,0.3681883436387356,0.2768413113837069,False,0.6749808465496984,,0.0,0.0
0.20346426963806152,1790752233.9677653,0.3681883436387356,0.2764912845563793,False,0.6621937008666279,,0.0,0.0
0.252605676651001,1790752234.0169067,0.37854468773862643,0.2768413113837069,False,0.6684532571623703,,0.0,0.0
0.3048710823059082,1790752234.0691721,0.37527303624043623,0.27698313963396315,False,0.6669040682595428,,0.0,0.0
0.3550131320953369,1790752234.1193142,0.36995553279959614,0.2771249678842194,False,0.6752063489288196,,0.0,0.0
0.40727663040161133,1790752234.1715777,0.3812059182941414,0.27729580874195825,False,0.6799935768224501,,0.0,0.0
0.4559671878814697,1790752234.2202682,0.38305513237576794,0.27746664959969713,False,0.6703034983315898,,0.0,0.0
0.5083906650543213,1790752234.2726917,0.37435028050786934,0.27766833790393464,False,0.6686588549327356,,0.0,0.0
0.5580575466156006,1790752234.3223586,0.37836062733302167,0.2778700262081722,False,0.6606656798524247,,0.0,0.0
0.6099236011505127,1790752234.3742247,0.374565860497603,0.2787801718884894,False,0.6688600421646154,,0.0,0.0
0.6600797176361084,1790752234.4243808,0.38554039629432946,0.2796903175688066,False,0.6873446717901203,,0.0,0.0
0.7108662128448486,1790752234.4751673,0.3722351361964136,0.2794333348580584,False,0.668710911685778,,0.0,0.0
0.7601883411407471,1790752234.5244894,0.3750429450730714,0.2796903175688066,False,0.663914775606715,,0.0,0.0
0.811516523361206,1790752234.5758176,0.3927154583272894,0.2798726868018928,False,0.670298969559663,,0.0,0.0
0.8614585399627686,1790752234.6257596,0.38382700852389323,0.280055056034979,False,0.6549453456203553,,0.0,0.0
0.915780782699585,1790752234.6800818,0.3900780147997658,0.2804088832079405,False,0.6442814508089535,,0.0,0.0
0.9653801918029785,1790752234.7296813,0.393525571732756,0.280762710380902,False,0.6532928908050958,,0.0,0.0
1.018033504486084,1790752234.7823346,0.38558604539388275,0.2808435528770521,False,0.6468236980912458,,0.0,0.0
1.0674712657928467,1790752234.8317723,0.3792471746597217,0.28092439537320224,False,0.6370244996925635,,0.0,0.0
1.119908332824707,1790752234.8842094,0.38306490292213635,0.2811033020890029,False,0.6542573423395683,,0.0,0.0
1.1690025329589844,1790752234.9333036,0.3933153841269961,0.28128220880480354,False,0.6546318892588953,,0.0,0.0
1.220940113067627,1790752234.9852412,0.40336302136684987,0.2813684929925654,False,0.6637002189921121,,0.0,0.0
1.269660472869873,1790752235.0339615,0.38185441323518143,0.2814547771803272,False,0.6580117371137187,,0.0,0.0
1.3214609622955322,1790752235.085762,0.3583826336537561,0.2813684929925654,False,0.6475732304540424,,0.0,0.0
1.3699142932891846,1790752235.1342154,0.16966649135402057,0.28128220880480354,True,0.6703551128224863,,0.0,3.7037037037037033
1.4233214855194092,1790752235.1876225,0.17258132566329115,0.2811033020890029,True,0.6525711417913068,,0.0,7.142857142857142
1.4741168022155762,1790752235.2384179,0.24543850522264554,0.28092439537320224,True,0.6397465098237743,,0.0,10.344827586206897
1.5239524841308594,1790752235.2882535,0.26573087736812645,0.2808435528770521,True,0.649878425572389,,0.0,13.333333333333334
1.5723705291748047,1790752235.3366716,0.3226288339043399,0.280762710380902,False,0.641047525356756,202.45623588562012,1.0,12.903225806451612
1.6267285346984863,1790752235.3910296,0.3226288339043399,0.2804088832079405,False,0.6444897298526864,,1.0,12.5
1.6757252216339111,1790752235.4400263,0.35819725696109284,0.280055056034979,False,0.6492940932385041,,1.0,12.121212121212121
1.7285737991333008,1790752235.4928749,0.357004418646947,0.2798726868018928,False,0.675150915594653,,1.0,11.76470588235294
1.7789216041564941,1790752235.5432227,0.3768736076451422,0.280055056034979,False,0.6396278609482795,,1.0,11.428571428571429
1.8321614265441895,1790752235.5964625,0.36747021147882997,0.2798726868018928,False,0.6753148305886522,,1.0,11.11111111111111
1.8802893161773682,1790752235.6445904,0.38331113299972897,0.280055056034979,False,0.6542509012093932,,1.0,10.81081081081081
1.9322803020477295,1790752235.6965814,0.3827683458017801,0.2804088832079405,False,0.6367502568878782,,1.0,10.526315789473683
1.9809796810150146,1790752235.7452807,0.36115353547494633,0.280055056034979,False,0.6606140653615282,,1.0,10.256410256410255
2.0348596572875977,1790752235.7991607,0.38340521933589167,0.2804088832079405,False,0.6591141542652291,,1.0,10.0
2.083340883255005,1790752235.847642,0.39281849463625407,0.280762710380902,False,0.6586402616233116,,1.0,9.75609756097561
2.1331324577331543,1790752235.8974335,0.3901908346794464,0.2808435528770521,False,0.6547780537029124,,1.0,9.523809523809524
2.185432195663452,1790752235.9497333,0.39097765035376986,0.28092439537320224,False,0.6706638227249655,,1.0,9.30232558139535
2.2379510402679443,1790752236.002252,0.36909629492266904,0.2808435528770521,False,0.6577882598797411,,1.0,9.090909090909092
2.294764757156372,1790752236.0590658,0.34464863107248644,0.280762710380902,False,0.660396415462343,,1.0,8.88888888888889
2.3450400829315186,1790752236.1093411,0.37830964081815566,0.2808435528770521,False,0.6516239534068239,,1.0,8.695652173913043
2.3991165161132812,1790752236.1634176,0.37317210657582256,0.280762710380902,False,0.6679361015655129,,1.0,8.51063829787234
2.4499430656433105,1790752236.2142441,0.37706813231715974,0.2808435528770521,False,0.663910290344292,,1.0,8.333333333333332
2.5028886795043945,1790752236.2671897,0.37394736906171955,0.280762710380902,False,0.6788823568838238,,1.0,8.16326530612245
2.5560050010681152,1790752236.320306,0.3895156703149064,0.2808435528770521,False,0.6688654019065491,,1.0,8.0
2.608438491821289,1790752236.3727396,0.3970950617014477,0.28092439537320224,False,0.6531448558865142,,1.0,7.8431372549019605
2.660346269607544,1790752236.4246473,0.39295797812708466,0.2811033020890029,False,0.6740169067150601,,1.0,7.6923076923076925
2.7128593921661377,1790752236.4771605,0.39381495869508415,0.28128220880480354,False,0.6543095719663841,,1.0,7.547169811320755
2.765125274658203,1790752236.5294263,0.37697878359585235,0.2813684929925654,False,0.6604390694853531,,1.0,7.4074074074074066
2.8188676834106445,1790752236.5831687,0.39318806989345767,0.2814547771803272,False,0.6594710168954944,,1.0,7.2727272727272725
2.8709394931793213,1790752236.6352406,0.3921331812288692,0.2820549914570919,False,0.6608179683881706,,1.0,7.142857142857142
2.920140504837036,1790752236.6844416,0.3836731539163031,0.28265520573385666,False,0.6602079274661632,,1.0,7.017543859649122
2.9716429710388184,1790752236.735944,0.3934234462067351,0.282694646715373,False,0.6382430904311728,,1.0,6.896551724137931
3.023456335067749,1790752236.7877574,0.3810525644077064,0.28273408769688924,False,0.6540898150784539,,1.0,6.779661016949152
3.0775277614593506,1790752236.8418288,0.39160216400764336,0.28274924651062744,False,0.6733017615972687,,1.0,6.666666666666667
3.128650188446045,1790752236.8929513,0.39626163623509114,0.2827644053243656,False,0.652436480021932,,1.0,6.557377049180328
3.180050849914551,1790752236.944352,0.39712297936138574,0.2827827522811177,False,0.669799036549253,,1.0,6.451612903225806
3.2298178672790527,1790752236.994119,0.35932428640558234,0.2827644053243656,False,0.6604348447920297,,1.0,6.349206349206349
3.277798891067505,1790752237.0421,0.2040984310659976,0.28274924651062744,True,0.6446477097095424,,1.0,7.8125
3.3303768634796143,1790752237.094678,0.18837997972399256,0.28273408769688924,True,0.6431154080432765,,1.0,9.230769230769232
3.382176399230957,1790752237.1464775,0.22609574519129227,0.282694646715373,True,0.6481608567454011,,1.0,10.606060606060606
3.4314091205596924,1790752237.1957102,0.24372690615818723,0.28265520573385666,True,0.6606004691856361,,1.0,11.940298507462686
3.479679822921753,1790752237.243981,0.3181498772069258,0.2820549914570919,False,0.6429992048941611,201.88093185424805,2.0,11.76470588235294
3.5286312103271484,1790752237.2929323,0.30959037248559207,0.2814547771803272,False,0.6240186560918285,,2.0,11.594202898550725
3.5799336433410645,1790752237.3442347,0.17644939977185836,0.2813684929925654,True,0.6482713309755852,,2.0,12.857142857142856
3.628411293029785,1790752237.3927124,0.14640493044053282,0.28128220880480354,True,0.6337494039301216,,2.0,14.084507042253522
3.6767265796661377,1790752237.4410276,0.2486349114021138,0.2811033020890029,True,0.6443777852792668,,2.0,15.277777777777779
3.7253544330596924,1790752237.4896555,0.2652230719524019,0.28092439537320224,True,0.6513480489721657,,2.0,16.43835616438356
3.7762181758880615,1790752237.5405192,0.32696976054697485,0.2808435528770521,False,0.6294389947977808,196.28453254699707,3.0,16.216216216216218
3.826141834259033,1790752237.590443,0.31442061403458454,0.280762710380902,False,0.6480362797238499,,3.0,16.0
3.8763320446014404,1790752237.640633,0.3363848336002067,0.28061161858859585,False,0.6606089441887854,,3.0,15.789473684210526
3.9252946376800537,1790752237.6895957,0.3466675486067825,0.28046052679628963,False,0.6788226452893176,,3.0,15.584415584415584
3.97731351852417,1790752237.7416146,0.35548049837499607,0.28025779141563434,False,0.7102396720285606,,3.0,15.384615384615385
4.026248216629028,1790752237.7905493,0.34922688772771293,0.280055056034979,False,0.8127477799022451,,3.0,15.18987341772152
4.077640771865845,1790752237.8419418,0.38496909713182637,0.28025779141563434,False,1.0058294899428386,,3.0,15.0
4.127942800521851,1790752237.8922439,0.3824961729716595,0.28046052679628963,False,1.0497148954662998,,3.0,14.814814814814813
4.18084716796875,1790752237.9451482,0.3851362310218063,0.28061161858859585,False,1.0307002044600757,,3.0,14.634146341463413
4.231171369552612,1790752237.9954724,0.37606282270394287,0.280762710380902,False,0.9809138344179879,,3.0,14.457831325301203
4.283651351928711,1790752238.0479524,0.37229600336253155,0.28061161858859585,False,0.8699689235163147,,3.0,14.285714285714285
4.332113742828369,1790752238.0964148,0.3650762789424735,0.28046052679628963,False,0.7290841331689144,,3.0,14.117647058823529
4.3833699226379395,1790752238.147671,0.391568350308111,0.28061161858859585,False,0.682815621966306,,3.0,13.953488372093023
4.431941509246826,1790752238.1962426,0.37033835493545764,0.28046052679628963,False,0.6359042226541728,,3.0,13.793103448275861
4.485435962677002,1790752238.249737,0.3774320308318827,0.28061161858859585,False,0.6254232208089486,,3.0,13.636363636363635
4.534203052520752,1790752238.298504,0.37844863810741036,0.280762710380902,False,0.4863548573809453,,3.0,13.48314606741573
4.5817272663116455,1790752238.3460283,0.386079281439053,0.2808435528770521,False,0.6217634776658436,,3.0,13.333333333333334
4.632631778717041,1790752238.3969328,0.3627729308765562,0.280762710380902,False,0.5484213312852722,,3.0,13.186813186813188
4.680272102355957,1790752238.4445732,0.36678180570597885,0.28061161858859585,False,0.5716630373543246,,3.0,13.043478260869565
4.732032299041748,1790752238.4963334,0.3809113299940837,0.280762710380902,False,0.7572058510161933,,3.0,12.903225806451612
4.791949510574341,1790752238.5562506,0.39165828933794533,0.2808435528770521,False,0.636483528528003,,3.0,12.76595744680851
4.847552061080933,1790752238.6118531,0.3903657346431444,0.28092439537320224,False,0.46931142534792875,,3.0,12.631578947368421
4.903780698776245,1790752238.6680818,0.3796655977910803,0.2811033020890029,False,0.39072534008100207,,3.0,12.5
4.957321643829346,1790752238.7216227,0.37216986379917294,0.28092439537320224,False,0.44098113785455567,,3.0,12.371134020618557
5.010366916656494,1790752238.774668,0.38139902086725297,0.2811033020890029,False,0.4438109310134367,,3.0,12.244897959183673
5.0633604526519775,1790752238.8276615,0.36552661663933744,0.28092439537320224,False,0.4608126144623425,,3.0,12.121212121212121
5.115219593048096,1790752238.8795207,0.3868155569477768,0.2811033020890029,False,0.4603084309871873,,3.0,12.0
5.166731595993042,1790752238.9310327,0.369655158276907,0.28092439537320224,False,0.5406111709029962,,3.0,11.881188118811881
5.221187114715576,1790752238.9854882,0.38166998243541506,0.2811033020890029,False,0.5670865115475279,,3.0,11.76470588235294
5.272748708724976,1790752239.0370498,0.3729960751581978,0.28092439537320224,False,0.5891422292997656,,3.0,11.650485436893204
5.326615333557129,1790752239.0909164,0.37780934171804936,0.2811033020890029,False,0.5760970479653564,,3.0,11.538461538461538
5.378915309906006,1790752239.1432164,0.39262972379375816,0.28128220880480354,False,0.5940927664830762,,3.0,11.428571428571429
5.431426286697388,1790752239.1957273,0.3619076597380552,0.2811033020890029,False,0.6527372879195094,,3.0,11.320754716981133
5.48696756362915,1790752239.2512686,0.4026179333634861,0.28128220880480354,False,0.7095256524347657,,3.0,11.214953271028037
5.539694309234619,1790752239.3039954,0.3924210477278929,0.2813684929925654,False,0.7295764434053335,,3.0,11.11111111111111
5.595684766769409,1790752239.3599858,0.3796546391317328,0.2814547771803272,False,0.7098825186636367,,3.0,11.009174311926607
5.644826650619507,1790752239.4091277,0.3814665626415841,0.28175094710414217,False,0.6774507557424879,,3.0,10.909090909090908
5.694320440292358,1790752239.4586215,0.38544365389760393,0.28204711702795715,False,0.7093872259208632,,3.0,10.81081081081081
5.748300075531006,1790752239.5126011,0.37951473977431477,0.2823511613809069,False,0.7198865546042611,,3.0,10.714285714285714
5.800155878067017,1790752239.564457,0.42194543058446454,0.28265520573385666,False,0.6686600683123464,,3.0,10.619469026548673
5.854627847671509,1790752239.618929,0.37907280740228866,0.282694646715373,False,0.6892286121485511,,3.0,10.526315789473683
5.9042112827301025,1790752239.6685123,0.3910643827010799,0.28273408769688924,False,0.6714025099418146,,3.0,10.434782608695652
5.954389572143555,1790752239.7186906,0.40675255634850443,0.28274924651062744,False,0.6540410340599472,,3.0,10.344827586206897
6.0070436000823975,1790752239.7713447,0.37939305868185946,0.2827644053243656,False,0.6917670193667567,,3.0,10.256410256410255
6.058735609054565,1790752239.8230367,0.39583548220511,0.2827827522811177,False,0.6578867035800858,,3.0,10.16949152542373
6.110844373703003,1790752239.8751454,0.39078810017110577,0.2828010992378698,False,0.6705561570282109,,3.0,10.084033613445378
6.160500764846802,1790752239.9248018,0.4043587126113538,0.2829375611808909,False,0.6801214601697814,,3.0,10.0
6.2145655155181885,1790752239.9788666,0.38397734575637243,0.28307402312391206,False,0.6702161806255326,,3.0,9.917355371900827
6.263630628585815,1790752240.0279317,0.37954374310543126,0.2832155147062245,False,0.691401862994121,,3.0,9.836065573770492
6.315335750579834,1790752240.0796368,0.3843541923860049,0.283357006288537,False,0.6621734486808747,,3.0,9.75609756097561
6.36515998840332,1790752240.129461,0.3977953649039552,0.28354461845107687,False,0.6657901502500043,,3.0,9.67741935483871
6.417536973953247,1790752240.181838,0.4038714170507238,0.28373223061361674,False,0.7032818436425635,,3.0,9.6
6.465892314910889,1790752240.2301934,0.3846236998578153,0.2837353940433797,False,0.6558397155137782,,3.0,9.523809523809524
6.517236948013306,1790752240.281538,0.38505230275703517,0.2837385574731427,False,0.6482163226238772,,3.0,9.448818897637794
6.567389011383057,1790752240.33169,0.389672474219957,0.28375451398645446,False,0.6761406947571891,,3.0,9.375
6.616374254226685,1790752240.3806753,0.37980299678247675,0.2837704704997662,False,0.7099886471774002,,3.0,9.30232558139535
6.668741464614868,1790752240.4330425,0.38590360317594974,0.283803474540162,False,0.7252614399103432,,3.0,9.230769230769232
6.723023414611816,1790752240.4873245,0.38519323152314877,0.28383647858055777,False,0.7158393638870725,,3.0,9.16030534351145
6.779929876327515,1790752240.544231,0.3982217859217662,0.2838724971922638,False,0.7436615944613938,,3.0,9.090909090909092
6.8318164348602295,1790752240.5961175,0.3792537425612243,0.2839085158039698,False,0.7412716499223545,,3.0,9.022556390977442
6.885164737701416,1790752240.6494658,0.3685854964370706,0.2838724971922638,False,0.7280926390623021,,3.0,8.955223880597014
6.934699535369873,1790752240.6990006,0.3806167030220128,0.2839085158039698,False,0.7303670309293305,,3.0,8.88888888888889
6.98881196975708,1790752240.753113,0.39341611935044096,0.2841065606778432,False,0.7534637197398036,,3.0,8.823529411764707
7.038848876953125,1790752240.80315,0.38212996845793634,0.2843046055517165,False,0.7680950439760689,,3.0,8.75912408759124
7.091288328170776,1790752240.8555894,0.3875825621932112,0.28436999327325385,False,0.7667138810611941,,3.0,8.695652173913043
7.143199682235718,1790752240.9075007,0.3901629718290469,0.28443538099479126,False,0.8039004947095909,,3.0,8.633093525179856
7.195721626281738,1790752240.9600227,0.3842796145036471,0.28443784395785476,False,0.7895795296426047,,3.0,8.571428571428571
7.249860763549805,1790752241.0141618,0.379334446167058,0.2844403069209182,False,0.736707208684324,,3.0,8.51063829787234
7.300097465515137,1790752241.0643985,0.3796003542941665,0.2844705707731059,False,0.7286603138354173,,3.0,8.450704225352112
7.350062370300293,1790752241.1143634,0.37328273671013346,0.2844403069209182,False,0.7362599194132698,,3.0,8.391608391608392
7.403904914855957,1790752241.168206,0.3803485531985636,0.2844705707731059,False,0.7069047012650856,,3.0,8.333333333333332
7.45501971244812,1790752241.2193208,0.3844761478940761,0.2845008346252935,False,0.7029787324395208,,3.0,8.275862068965518
7.50879979133606,1790752241.2731009,0.39213240375459685,0.28452281431834403,False,0.6321157885865943,,3.0,8.21917808219178
7.559951543807983,1790752241.3242526,0.38488636998668563,0.2845447940113946,False,0.6216950750159582,,3.0,8.16326530612245
7.611217975616455,1790752241.375519,0.38904143047411355,0.28459042442106536,False,0.6078879388559386,,3.0,8.108108108108109
7.66109299659729,1790752241.425394,0.4025786968735011,0.28463605483073606,False,0.5958717842148399,,3.0,8.053691275167784
7.713582515716553,1790752241.4778836,0.28499326300429756,0.28459042442106536,False,0.5777091650084922,,3.0,8.0
7.768478155136108,1790752241.5327792,0.28200739536625585,0.2845447940113946,True,0.5635643660596285,,3.0,8.609271523178808
7.820643663406372,1790752241.5849447,0.322266280397973,0.28452281431834403,False,0.5410736123341755,52.16550827026367,4.0,8.552631578947368
7.871001482009888,1790752241.6353025,0.3306313658595945,0.2845008346252935,False,0.5539595743631109,,4.0,8.49673202614379
7.923288106918335,1790752241.6875892,0.2298196612397665,0.2844705707731059,True,0.5410561591890619,,4.0,9.090909090909092
7.971973419189453,1790752241.7362745,0.17269058471981155,0.2844403069209182,True,0.6357739189256641,,4.0,9.67741935483871
8.024178981781006,1790752241.78848,0.21355121927911525,0.28443784395785476,True,0.5676048182220795,,4.0,10.256410256410255
8.073444843292236,1790752241.837746,0.29440407702076155,0.28443538099479126,False,0.6162218505836928,150.15673637390137,5.0,10.191082802547772
8.126441478729248,1790752241.8907425,0.32914893949436697,0.28436999327325385,False,0.656204290815442,,5.0,10.126582278481013
8.175246953964233,1790752241.939548,0.36772908826711387,0.2843046055517165,False,0.6509199572405288,,5.0,10.062893081761008
8.229793548583984,1790752241.9940946,0.36502395250587316,0.2841065606778432,False,0.6185981364954287,,5.0,10.0
8.278406143188477,1790752242.0427072,0.3749749842438821,0.2839085158039698,False,0.6002273673900369,,5.0,9.937888198757763
8.330164194107056,1790752242.0944653,0.38764980707879704,0.2841065606778432,False,0.6337494039301216,,5.0,9.876543209876543
8.385509252548218,1790752242.1498103,0.3655111142589612,0.2839085158039698,False,0.6007637991355345,,5.0,9.815950920245399
8.436467170715332,1790752242.2007682,0.3750228381709958,0.2838724971922638,False,0.6110710479088668,,5.0,9.75609756097561
8.486463785171509,1790752242.2507648,0.3777047133412116,0.28383647858055777,False,0.6062598030399803,,5.0,9.696969696969697
8.538184881210327,1790752242.302486,0.36917375630372473,0.283803474540162,False,0.5967023440345604,,5.0,9.63855421686747
8.587836503982544,1790752242.3521376,0.37215702613846113,0.2837704704997662,False,0.6215782235431333,,5.0,9.580838323353294
8.639067649841309,1790752242.4033687,0.38300530960662527,0.283803474540162,False,0.6256042632089156,,5.0,9.523809523809524
8.688714981079102,1790752242.453016,0.38335779933639413,0.28383647858055777,False,0.6034125685545776,,5.0,9.467455621301776
8.740592241287231,1790752242.5048933,0.38353949391755604,0.2838724971922638,False,0.631532693572517,,5.0,9.411764705882353
8.789740324020386,1790752242.5540414,0.37928860565692357,0.2839085158039698,False,0.6159619797344368,,5.0,9.35672514619883
8.84056043624878,1790752242.6048615,0.38837160724450015,0.2841065606778432,False,0.6222331985528645,,5.0,9.30232558139535
8.891621828079224,1790752242.655923,0.37138548079772676,0.2839085158039698,False,0.6087627051669501,,5.0,9.248554913294797
8.944711923599243,1790752242.709013,0.38499843608047424,0.2841065606778432,False,0.6029932039006717,,5.0,9.195402298850574
8.99779200553894,1790752242.762093,0.3889403003849283,0.2843046055517165,False,0.6222692252193208,,5.0,9.142857142857142
9.051246881484985,1790752242.815548,0.39362107381736466,0.28436999327325385,False,0.6328746960864757,,5.0,9.090909090909092
9.099905967712402,1790752242.864207,0.38832821180974064,0.28443538099479126,False,0.6025109021101465,,5.0,9.03954802259887
9.15101957321167,1790752242.9153206,0.36681940719937456,0.28436999327325385,False,0.6369680174800983,,5.0,8.98876404494382
9.201509475708008,1790752242.9658105,0.3817820485292037,0.28443538099479126,False,0.607165385927311,,5.0,8.938547486033519
9.254979848861694,1790752243.019281,0.3851216507992554,0.28443784395785476,False,0.6590564349737259,,5.0,8.88888888888889
9.306327819824219,1790752243.070629,0.38214387878420253,0.2844403069209182,False,0.6254341082540062,,5.0,8.83977900552486
9.359041213989258,1790752243.1233423,0.3873149176505287,0.28445338058180547,False,0.6365734195128246,,5.0,8.791208791208792
9.406981468200684,1790752243.1712825,0.36834143415617304,0.2844403069209182,False,0.6315040064806327,,5.0,8.743169398907105
9.4564208984375,1790752243.220722,0.37580198176407575,0.28443784395785476,False,0.6421552798125725,,5.0,8.695652173913043
9.51040768623352,1790752243.2747087,0.3754864592466688,0.28443538099479126,False,0.6110654963533024,,5.0,8.64864864864865
9.562201261520386,1790752243.3265023,0.39212378863901665,0.28443784395785476,False,0.6248261356845518,,5.0,8.60215053763441
9.610743522644043,1790752243.3750446,0.3849152031099822,0.2844403069209182,False,0.6563371547786419,,5.0,8.55614973262032
9.663877964019775,1790752243.428179,0.3798000992080558,0.28445338058180547,False,0.6426130261438721,,5.0,8.51063829787234
9.715427875518799,1790752243.479729,0.3892133880654437,0.2844664542426927,False,0.6354328948310188,,5.0,8.465608465608465
9.768355369567871,1790752243.5326564,0.38491469516461907,0.2844836444339931,False,0.5978658267127336,,5.0,8.421052631578947
9.819743633270264,1790752243.5840447,0.38932545415923225,0.2845008346252935,False,0.6341978077813836,,5.0,8.37696335078534
9.87159013748169,1790752243.6358912,0.3842581338471378,0.28452281431834403,False,0.6603912959768525,,5.0,8.333333333333332
9.922493696212769,1790752243.6867948,0.38509060416641006,0.2845447940113946,False,0.6274155569116519,,5.0,8.290155440414509
9.974950790405273,1790752243.7392519,0.37178143647731077,0.28452281431834403,False,0.637554599269135,,5.0,8.24742268041237
10.024522066116333,1790752243.7888231,0.38514709206038944,0.2845447940113946,False,0.6210067120349928,,5.0,8.205128205128204
10.077821254730225,1790752243.8421223,0.380294589891641,0.28459042442106536,False,0.6267355151812374,,5.0,8.16326530612245
10.130275011062622,1790752243.894576,0.39303681119148237,0.28463605483073606,False,0.6403585651968695,,5.0,8.121827411167512
10.183309555053711,1790752243.9476106,0.39390118382373496,0.28464693107990474,False,0.6214573628058916,,5.0,8.080808080808081
10.238563060760498,1790752244.0028641,0.3798637420495729,0.2846578073290734,False,0.6177196481215228,,5.0,8.040201005025125
10.294285535812378,1790752244.0585866,0.39595455690366815,0.28467903652484916,False,0.6435233423952981,,5.0,8.0
10.343941688537598,1790752244.1082428,0.33490666986533585,0.2846578073290734,False,0.616566659046557,,5.0,7.960199004975125
10.397448301315308,1790752244.1617494,0.2235203007143275,0.28464693107990474,True,0.6389163020225382,,5.0,8.415841584158416
10.445722579956055,1790752244.2100236,0.19627203619660422,0.28463605483073606,True,0.6216898107148701,,5.0,8.866995073891626
10.499724864959717,1790752244.264026,0.2762212931348567,0.28459042442106536,True,0.6261818934058679,,5.0,9.313725490196079
10.54999303817749,1790752244.314294,0.32381298887266363,0.2845447940113946,False,0.6098554063110241,152.54473686218262,6.0,9.268292682926829
10.60458779335022,1790752244.3688889,0.34604900369052966,0.28452281431834403,False,0.6537379657672754,,6.0,9.223300970873787
10.655149459838867,1790752244.4194505,0.3601278806726694,0.2845008346252935,False,0.636433286791062,,6.0,9.178743961352657
10.706769943237305,1790752244.471071,0.37030903976130325,0.2844836444339931,False,0.621679596005796,,6.0,9.134615384615383
10.757019996643066,1790752244.521321,0.3590506457881173,0.2844664542426927,False,0.6210952898422744,,6.0,9.090909090909092
10.808698892593384,1790752244.573,0.370939704345422,0.28445338058180547,False,0.6356463758297936,,6.0,9.047619047619047
10.861062049865723,1790752244.625363,0.3829055452903749,0.2844664542426927,False,0.6749800737826817,,6.0,9.004739336492891
10.913874387741089,1790752244.6781754,0.30238663265788485,0.28445338058180547,False,0.7554519267009011,,6.0,8.962264150943396
10.963579654693604,1790752244.7278807,0.17587860340383718,0.2844403069209182,True,0.7955114584181388,,6.0,9.389671361502346
11.016040086746216,1790752244.7803411,0.22265323194815256,0.28443784395785476,True,0.7970383332488679,,6.0,9.813084112149532
11.066121816635132,1790752244.8304229,0.30675253955767723,0.28443538099479126,False,0.7964926501154972,102.54216194152832,7.0,9.767441860465116
11.115983724594116,1790752244.8802848,0.3398032037508935,0.28436999327325385,False,0.7692694407355087,,7.0,9.722222222222223
11.167540788650513,1790752244.9318419,0.36981593411237346,0.2843046055517165,False,0.670360849111787,,7.0,9.67741935483871
11.218547344207764,1790752244.9828484,0.35975950616765995,0.2841065606778432,False,0.7350051351935272,,7.0,9.63302752293578
11.273411273956299,1790752245.0377123,0.39933249859336895,0.2843046055517165,False,0.6898360943145269,,7.0,9.58904109589041
11.323178768157959,1790752245.0874798,0.3857604937663288,0.28436999327325385,False,0.6669129995670501,,7.0,9.545454545454547
11.378261089324951,1790752245.1425622,0.37822949222683766,0.2843046055517165,False,0.6879747123016741,,7.0,9.502262443438914
11.429529905319214,1790752245.193831,0.3789966353488813,0.28427604103168874,False,0.6398659601768332,,7.0,9.45945945945946
11.481834888458252,1790752245.246136,0.37293589792246973,0.28424747651166093,False,0.6387658067658692,,7.0,9.417040358744394
11.530902624130249,1790752245.2952037,0.38814672988254667,0.28427604103168874,False,0.6412206995292866,,7.0,9.375
11.58354139328003,1790752245.3478425,0.3737027349511567,0.28424747651166093,False,0.63681802618655,,7.0,9.333333333333334
11.632061004638672,1790752245.396362,0.38583822985129346,0.28427604103168874,False,0.6331259679903495,,7.0,9.29203539823009
11.682525634765625,1790752245.4468267,0.3904484842232469,0.2843046055517165,False,0.6246802340367951,,7.0,9.251101321585903
11.733221769332886,1790752245.4975228,0.3887945305911935,0.28436999327325385,False,0.641009439085518,,7.0,9.210526315789473
11.783184289932251,1790752245.5474854,0.3809113299940837,0.28443538099479126,False,0.6148075275117573,,7.0,9.170305676855897
11.833913803100586,1790752245.5982149,0.3681308502375058,0.28436999327325385,False,0.6431291046303517,,7.0,9.130434782608695
11.882670402526855,1790752245.6469715,0.36209335729699205,0.2843046055517165,False,0.6363309667195882,,7.0,9.090909090909092
11.934694051742554,1790752245.698995,0.38336350308705314,0.28436999327325385,False,0.649668405069732,,7.0,9.051724137931034
11.982829093933105,1790752245.7471302,0.38828049665802367,0.28443538099479126,False,0.648596089110184,,7.0,9.012875536480687
12.033438444137573,1790752245.7977395,0.3851166522611621,0.28443784395785476,False,0.6806104724626825,,7.0,8.974358974358974
12.084295988082886,1790752245.848597,0.38557762535847967,0.2844403069209182,False,0.629186565653365,,7.0,8.936170212765958
12.136143922805786,1790752245.900445,0.39858979802246597,0.28445338058180547,False,0.6169726266130072,,7.0,8.898305084745763
12.185776948928833,1790752245.950078,0.3975990311450211,0.2844664542426927,False,0.6160925080047035,,7.0,8.860759493670885
12.236541986465454,1790752246.000843,0.38526355112643695,0.2844836444339931,False,0.6137556375094543,,7.0,8.823529411764707
12.286777257919312,1790752246.0510783,0.3900378544536214,0.2845008346252935,False,0.6222485670073005,,7.0,8.786610878661087
12.338921070098877,1790752246.1032221,0.376168724117531,0.2844836444339931,False,0.6423137043992135,,7.0,8.75
12.389666318893433,1790752246.1539674,0.4033336206058261,0.2845008346252935,False,0.603211625712206,,7.0,8.71369294605809
12.4405677318573,1790752246.2048688,0.39330725996704263,0.28452281431834403,False,0.613249396019676,,7.0,8.677685950413224
12.490532636642456,1790752246.2548337,0.391919714812917,0.2845447940113946,False,0.5929598817420354,,7.0,8.641975308641975
12.544130086898804,1790752246.3084311,0.3960133878187964,0.28459042442106536,False,0.5691398817229613,,7.0,8.60655737704918
12.592002868652344,1790752246.356304,0.3799811203084872,0.28463605483073606,False,0.6072617661729725,,7.0,8.571428571428571
12.64456820487976,1790752246.4088693,0.3863540453244145,0.28464693107990474,False,0.5197339832197575,,7.0,8.536585365853659
12.695076704025269,1790752246.4593778,0.38323439225045597,0.2846578073290734,False,0.5538093735774837,,7.0,8.502024291497975
12.744115352630615,1790752246.5084164,0.3606825089035911,0.28464693107990474,False,0.688973526563833,,7.0,8.46774193548387
12.798763275146484,1790752246.5630643,0.37365506701224577,0.28463605483073606,False,0.7730205621652022,,7.0,8.433734939759036
12.85061502456665,1790752246.614916,0.3769702387828589,0.28459042442106536,False,0.8224020128049099,,7.0,8.4
12.901053667068481,1790752246.6653547,0.3722694732260504,0.2845447940113946,False,0.7458034216763095,,7.0,8.366533864541832
12.95090913772583,1790752246.7152102,0.35124225895153927,0.28452281431834403,False,0.7247150273029479,,7.0,8.333333333333332
13.001242637634277,1790752246.7655437,0.36365608868537896,0.2845008346252935,False,0.7403967462210646,,7.0,8.300395256916996
13.051101922988892,1790752246.815403,0.364825931281389,0.2844836444339931,False,0.6944999753533795,,7.0,8.267716535433072
13.102605104446411,1790752246.8669062,0.3674198996606517,0.2844664542426927,False,0.7016261146728182,,7.0,8.235294117647058
13.152605772018433,1790752246.9169068,0.3437347431370761,0.28445338058180547,False,0.6988857121537401,,7.0,8.203125
13.203559160232544,1790752246.9678602,0.3566119879434732,0.2844403069209182,False,0.7287595118450284,,7.0,8.171206225680933
13.25404953956604,1790752247.0183506,0.40753322299900374,0.28445338058180547,False,0.8709108891349115,,7.0,8.13953488372093
13.307024478912354,1790752247.0713255,0.40425592265236643,0.2844664542426927,False,0.8700422252652679,,7.0,8.108108108108109
13.362110137939453,1790752247.1264112,0.3605933334861692,0.28445338058180547,False,0.8111298712977246,,7.0,8.076923076923077
13.412795066833496,1790752247.1770961,0.4055884712964572,0.2844664542426927,False,0.8297503004022923,,7.0,8.045977011494253
13.464507341384888,1790752247.2288084,0.38238810146102753,0.2844836444339931,False,0.5760476499282439,,7.0,8.015267175572518
13.51314663887024,1790752247.2774477,0.3767921017441579,0.2844664542426927,False,0.570684659014862,,7.0,7.984790874524715
13.566391706466675,1790752247.3306928,0.3587125023746801,0.28445338058180547,False,0.5445615402745553,,7.0,7.954545454545454
13.61503529548645,1790752247.3793364,0.35601904836189135,0.2844403069209182,False,0.640787552011663,,7.0,7.9245283018867925
13.667006969451904,1790752247.431308,0.355824139065035,0.28443784395785476,False,0.7124296326046469,,7.0,7.894736842105263
13.71785855293274,1790752247.4821596,0.3471745282619152,0.28443538099479126,False,0.7502955944810717,,7.0,7.865168539325842
13.772989511489868,1790752247.5372906,0.3549502942221442,0.28436999327325385,False,0.7321834569577009,,7.0,7.835820895522389
13.824563026428223,1790752247.588864,0.3410245577262261,0.2843046055517165,False,0.7262081996648446,,7.0,7.806691449814126
13.875857830047607,1790752247.640159,0.3503046315853279,0.28427604103168874,False,0.7241494582359729,,7.0,7.777777777777778
13.92573618888855,1790752247.6900373,0.34538411891387805,0.28424747651166093,False,0.6525845548861215,,7.0,7.7490774907749085
13.97704029083252,1790752247.7413414,0.3505059910479431,0.28407799615781537,False,0.6741422743285737,,7.0,7.720588235294118
14.02759575843811,1790752247.7918968,0.3372205076100374,0.2839085158039698,False,0.693313354602671,,7.0,7.6923076923076925
14.079086065292358,1790752247.8433871,0.3441854393040369,0.2838724971922638,False,0.6728835988504307,,7.0,7.664233576642336
14.129929542541504,1790752247.8942306,0.3362210569946949,0.28383647858055777,False,0.6938820304422778,,7.0,7.636363636363637
14.178904056549072,1790752247.943205,0.3341322402571937,0.283803474540162,False,0.6848393749645431,,7.0,7.608695652173914
14.232157707214355,1790752247.9964588,0.3380929381356028,0.2837704704997662,False,0.7112388598053963,,7.0,7.581227436823104
14.282108068466187,1790752248.0464091,0.35413739465184624,0.28375451398645446,False,0.7294505243870824,,7.0,7.553956834532374
14.333797454833984,1790752248.0980985,0.3508385323852691,0.2837385574731427,False,0.7669319806322981,,7.0,7.526881720430108
14.384710311889648,1790752248.1490114,0.34881260846478945,0.2837353940433797,False,0.7502494808545421,,7.0,7.5
14.435967445373535,1790752248.2002685,0.2451796427987553,0.28373223061361674,True,0.7346143295806085,,7.0,7.829181494661921
14.4858980178833,1790752248.250199,0.1286557196053702,0.2837021748918725,True,0.6304958312345621,,7.0,8.156028368794328
14.539724826812744,1790752248.304026,0.19191650750266012,0.28367211917012825,True,0.6194675463772663,,7.0,8.480565371024735
14.592825174331665,1790752248.3571262,0.22525137484077204,0.2835145627293326,True,0.6355743826128906,,7.0,8.80281690140845
14.649223327636719,1790752248.4135244,0.2575122509546548,0.283357006288537,True,0.6779311856656578,,7.0,9.12280701754386
14.696905374526978,1790752248.4612064,0.2948947521814467,0.28331777064722286,False,0.7129104818041075,260.9379291534424,8.0,9.090909090909092
14.753921270370483,1790752248.5182223,0.29569570950285307,0.2832785350059087,False,0.7522047598734158,,8.0,9.059233449477352
14.805371046066284,1790752248.569672,0.3116335588344996,0.2831762790649104,False,0.6824522202079238,,8.0,9.027777777777777
14.857731342315674,1790752248.6220324,0.33032264492997454,0.28307402312391206,False,0.6542622418411044,,8.0,8.996539792387544
14.90611457824707,1790752248.6704156,0.3236580070235981,0.2829375611808909,False,0.5718462009522741,,8.0,8.96551724137931
14.959170579910278,1790752248.7234716,0.33645449149362056,0.2828010992378698,False,0.5727170724138356,,8.0,8.934707903780069
15.010032653808594,1790752248.7743337,0.33368699177235117,0.2827827522811177,False,0.611115519054128,,8.0,8.904109589041095
15.06150221824646,1790752248.8258033,0.34748625740887357,0.2827644053243656,False,0.616606650305165,,8.0,8.873720136518772
15.113820552825928,1790752248.8781216,0.3536647052593145,0.28274924651062744,False,0.5636097255974228,,8.0,8.843537414965986
15.16160774230957,1790752248.9259088,0.34592344147521314,0.28273408769688924,False,0.5583922166167742,,8.0,8.813559322033898
15.213064670562744,1790752248.9773657,0.3472544288891769,0.28273088339201674,False,0.5248174298664049,,8.0,8.783783783783784
15.261367321014404,1790752249.0256684,0.3570692387253185,0.2827276790871442,False,0.5804448566935628,,8.0,8.754208754208754
15.315692901611328,1790752249.079994,0.34414981604893413,0.28269144241050037,False,0.5826509511987582,,8.0,8.724832214765101
15.363902568817139,1790752249.1282036,0.354005488011064,0.28265520573385666,False,0.6758725142981414,,8.0,8.695652173913043
15.41993761062622,1790752249.1842387,0.33524222383493996,0.28262464102098755,False,0.6682865918973294,,8.0,8.666666666666668
15.47378420829773,1790752249.2380853,0.34042484055728905,0.2825940763081184,False,0.6829169082766409,,8.0,8.637873754152823
15.52482533454895,1790752249.2891264,0.34566820279627175,0.2823603096981333,False,0.6827879059721377,,8.0,8.609271523178808
15.576857566833496,1790752249.3411586,0.335270298192634,0.2821265430881482,False,0.6957899901934982,,8.0,8.58085808580858
15.626810312271118,1790752249.3911114,0.3573139581595153,0.2820868300580527,False,0.7149121623297515,,8.0,8.552631578947368
15.675310850143433,1790752249.439612,0.33635326869135007,0.28204711702795715,False,0.7301931268754162,,8.0,8.524590163934425
15.72897744178772,1790752249.4932785,0.35859175115373054,0.28194930167550697,False,0.7453003721881181,,8.0,8.49673202614379
15.77621340751648,1790752249.5405145,0.3445735134793616,0.2818514863230568,False,0.7341684630079206,,8.0,8.469055374592834
15.828786373138428,1790752249.5930874,0.35242290774641605,0.2817331653790292,False,0.7344890265855877,,8.0,8.441558441558442
15.8784339427948,1790752249.642735,0.347111236979738,0.2816148444350016,False,0.7390329597662719,,8.0,8.414239482200648
15.930908441543579,1790752249.6952095,0.34716117386097334,0.2815348108076644,False,0.7343622231887974,,8.0,8.38709677419355
15.990355014801025,1790752249.754656,0.34568879975448186,0.2814547771803272,False,0.7635316385059853,,8.0,8.360128617363344
16.043654203414917,1790752249.8079553,0.3584996125674138,0.2813684929925654,False,0.73646205427889,,8.0,8.333333333333332
16.091922283172607,1790752249.8562233,0.3508761556888448,0.28128220880480354,False,0.7359556827599799,,8.0,8.30670926517572
16.144132614135742,1790752249.9084337,0.35074579358046354,0.2812746687165252,False,0.7268563330990875,,8.0,8.280254777070063
16.194164276123047,1790752249.9584653,0.3533096176506341,0.2812671286282469,False,0.7191677952973049,,8.0,8.253968253968253
16.247610330581665,1790752250.0119114,0.36251257955963595,0.2812491834055792,False,0.6357263900806793,,8.0,8.227848101265822
16.299922227859497,1790752250.0642233,0.35807156010743246,0.28123123818291157,False,0.5546411083918595,,8.0,8.201892744479496
16.355998754501343,1790752250.1202998,0.35149827441846115,0.2810778167780569,False,0.5754585012510253,,8.0,8.176100628930817
16.407681226730347,1790752250.1719823,0.35534089835604243,0.28092439537320224,False,0.5991134612928841,,8.0,8.150470219435736
16.46122169494629,1790752250.2255228,0.38077225305670964,0.2810778167780569,False,0.6087313709406075,,8.0,8.125
16.510603427886963,1790752250.2749045,0.36381267608202605,0.28092439537320224,False,0.6366284177697265,,8.0,8.09968847352025
16.564565420150757,1790752250.3288665,0.3536700522747632,0.2808435528770521,False,0.630853890816319,,8.0,8.074534161490684
16.618954181671143,1790752250.3832552,0.35393351109755034,0.280762710380902,False,0.6276855746209311,,8.0,8.04953560371517
16.669800758361816,1790752250.4341018,0.34271132666504256,0.28061161858859585,False,0.6133662708632904,,8.0,8.024691358024691
16.72063708305359,1790752250.4849381,0.34163771543913646,0.28046052679628963,False,0.61926241678948,,8.0,8.0
16.772855520248413,1790752250.5371566,0.3394145716541144,0.2803687890048286,False,0.6809270515726775,,8.0,7.975460122699387
16.823046922683716,1790752250.587348,0.34133516098432964,0.28027705121336755,False,0.7145199981947586,,8.0,7.951070336391437
16.874035358428955,1790752250.6383364,0.35256609000002537,0.2802591757362759,False,0.7502216079729604,,8.0,7.926829268292683
16.924877882003784,1790752250.689179,0.34120299685499667,0.2802413002591843,False,0.7477500791174122,,8.0,7.90273556231003
16.979230403900146,1790752250.7435315,0.3427068697660164,0.2801481781470817,False,0.7899670015852989,,8.0,7.878787878787878
17.028759241104126,1790752250.7930603,0.3570121648890349,0.280055056034979,False,0.750307540854382,,8.0,7.854984894259818
17.080585479736328,1790752250.8448865,0.2913438815763919,0.28000855428378957,False,0.6765907520914951,,8.0,7.83132530120482
17.1310818195343,1790752250.895383,0.17807657420356138,0.2799620525326001,True,0.6723972971879795,,8.0,8.108108108108109
17.179717779159546,1790752250.9440188,0.1738483503664588,0.2799205662322335,True,0.5907340309074526,,8.0,8.383233532934131
17.23110270500183,1790752250.9954038,0.2697628898387653,0.2798790799318669,True,0.611703833014067,,8.0,8.656716417910449
17.280217170715332,1790752251.0445182,0.2931615856607578,0.27981306815025764,False,0.6050966959242603,149.13535118103027,9.0,8.630952380952381
17.332869291305542,1790752251.0971704,0.33363959483258343,0.2797470563686484,False,0.5966014617445278,,9.0,8.605341246290802
17.386316537857056,1790752251.1506176,0.33357488962641135,0.27972448990525034,False,0.5907922225758466,,9.0,8.579881656804734
17.44369888305664,1790752251.208,0.33012364818666495,0.2797019234418523,False,0.6229596006279643,,9.0,8.55457227138643
17.499919414520264,1790752251.2642205,0.3445296862494387,0.27969612050532944,False,0.6993182018043627,,9.0,8.529411764705882
17.554931163787842,1790752251.3192322,0.3432723864555052,0.2796903175688066,False,0.7225423201965658,,9.0,8.504398826979472
17.608844995498657,1790752251.373146,0.33635613132867753,0.2794561600453526,False,0.7548513226373335,,9.0,8.47953216374269
17.66142225265503,1790752251.4257233,0.32730559836913686,0.27922200252189866,False,0.7664305792245566,,9.0,8.454810495626822
17.710050582885742,1790752251.4743516,0.34205737488106724,0.2792120537207182,False,0.7643128304431874,,9.0,8.430232558139535
17.76002073287964,1790752251.5243218,0.3523532193782284,0.2792021049195378,False,0.7646839193489479,,9.0,8.405797101449275
17.814318418502808,1790752251.5786195,0.3393095252274152,0.279189228533424,False,0.6925761032678376,,9.0,8.38150289017341
17.86303472518921,1790752251.6273358,0.22467854494620215,0.2791763521473102,True,0.6361993078946778,,9.0,8.645533141210375
17.9116108417511,1790752251.675912,0.17057751542680774,0.27915187499834493,True,0.6733037007723665,,9.0,8.908045977011495
17.960834741592407,1790752251.7251358,0.22058756249706518,0.2791273978493797,True,0.73379269320296,,9.0,9.169054441260744
18.012786388397217,1790752251.7770875,0.2475139709706525,0.2791225837266128,True,0.7672428169364967,,9.0,9.428571428571429
18.064143896102905,1790752251.828445,0.31369484222398697,0.2791177696038458,False,0.8068729598753513,201.1091709136963,10.0,9.401709401709402
18.115871906280518,1790752251.880173,0.31743278362508043,0.27897692348091446,False,0.794637074425443,,10.0,9.375
18.165064096450806,1790752251.9293652,0.3450721022198535,0.2788360773579831,False,0.8021336505992679,,10.0,9.34844192634561
18.217876434326172,1790752251.9821775,0.3371386312572378,0.278687593978139,False,0.7806248641221946,,10.0,9.322033898305085
18.266789436340332,1790752252.0310905,0.3529390953721385,0.27853911059829506,False,0.805307598456233,,10.0,9.295774647887324
18.316551685333252,1790752252.0808527,0.342915310778444,0.27837194442868074,False,0.7977134169556104,,10.0,9.269662921348315
18.367777585983276,1790752252.1320786,0.34697290469897657,0.27820477825906653,False,0.7776903559911313,,10.0,9.243697478991598
18.418483018875122,1790752252.182784,0.3435850236076796,0.2780374022336194,False,0.6726451501511852,,10.0,9.217877094972067
18.47033429145813,1790752252.2346354,0.3629872915480128,0.2778700262081722,False,0.556289744437174,,10.0,9.192200557103064
18.52085852622986,1790752252.2851596,0.3516674349793952,0.2778118962048827,False,0.5652693104580261,,10.0,9.166666666666666
18.57182788848877,1790752252.336129,0.36166437836643694,0.2777537662015932,False,0.6268831317165254,,10.0,9.141274238227147
18.621510982513428,1790752252.385812,0.3723154985489635,0.2778118962048827,False,0.629405828924975,,10.0,9.116022099447514
18.672596216201782,1790752252.4368973,0.3658963669174237,0.2777537662015932,False,0.586767447890057,,10.0,9.090909090909092
18.724201679229736,1790752252.4885027,0.3542712996948359,0.27774277301128536,False,0.5871907343799468,,10.0,9.065934065934066
18.775583744049072,1790752252.5398848,0.35961410858994214,0.2777317798209774,False,0.5876120665994179,,10.0,9.04109589041096
18.826066732406616,1790752252.5903678,0.3566183456101446,0.27759921471033727,False,0.5915684961174097,,10.0,9.01639344262295
18.87897276878357,1790752252.6432738,0.352221389703063,0.27746664959969713,False,0.5573353424815045,,10.0,8.991825613079019
18.928812503814697,1790752252.6931136,0.36166437836643694,0.2774143000919886,False,0.6098667004446214,,10.0,8.967391304347826
18.980990648269653,1790752252.7452917,0.35086033461718036,0.2773619505842801,False,0.5825438879401277,,10.0,8.94308943089431
19.029380798339844,1790752252.7936819,0.3577525413671392,0.2773016596459802,False,0.6088184345784997,,10.0,8.91891891891892
19.081702709197998,1790752252.8460038,0.35017128605549974,0.27724136870768024,False,0.6083609244325526,,10.0,8.89487870619946
19.133057117462158,1790752252.8973582,0.34966279274287954,0.2771831682959498,False,0.6608515225818753,,10.0,8.870967741935484
19.1903977394104,1790752252.9546988,0.3464622522443876,0.2771249678842194,False,0.6942707540946369,,10.0,8.847184986595174
19.2431800365448,1790752253.007481,0.36106205489637877,0.2770026425560065,False,0.6919711166858875,,10.0,8.823529411764707
19.29721236228943,1790752253.0615134,0.3419624121600261,0.27688031722779355,False,0.7932305783528999,,10.0,8.799999999999999
19.34605598449707,1790752253.110357,0.35901601934050725,0.2768608143057502,False,0.8056902657344195,,10.0,8.77659574468085
19.39780282974243,1790752253.162104,0.350999005611324,0.2768413113837069,False,0.8403194295126093,,10.0,8.753315649867375
19.447367191314697,1790752253.2116683,0.35892981691239934,0.27683176628785433,False,0.8325232668028785,,10.0,8.73015873015873
19.501203536987305,1790752253.2655046,0.3659473412445031,0.2768222211920018,False,0.7839872197704785,,10.0,8.70712401055409
19.55196499824524,1790752253.316266,0.3571612813349846,0.27663067175990236,False,0.7655954095093244,,10.0,8.68421052631579
19.604076862335205,1790752253.368378,0.3507608898171797,0.276439122327803,False,0.7385133498055012,,10.0,8.661417322834646
19.653870105743408,1790752253.4181712,0.3625663936453126,0.27634759897246636,False,0.7194388725007866,,10.0,8.638743455497382
19.70508861541748,1790752253.4693897,0.37139412147977324,0.276439122327803,False,0.7145688429282537,,10.0,8.616187989556137
19.75859761238098,1790752253.5228987,0.36354134455370424,0.27634759897246636,False,0.6664281606295,,10.0,8.59375
19.809762716293335,1790752253.5740638,0.32570452439710407,0.2762560756171298,False,0.7056479946567442,,10.0,8.571428571428571
19.860544443130493,1790752253.6248455,0.12995035601608215,0.2761986666730908,True,0.6961387608546714,,10.0,8.808290155440414
19.91123604774475,1790752253.675537,0.1725035161011347,0.2761412577290517,True,0.6932575085921193,,10.0,9.043927648578812
19.962024450302124,1790752253.7263255,0.25052194095416763,0.2761412577290517,True,0.7051482752034351,,10.0,9.278350515463918
20.011066913604736,1790752253.775368,0.28429395377644406,0.2761412577290517,False,0.7097409588222385,150.52247047424316,11.0,9.254498714652955
20.062689542770386,1790752253.8269906,0.3308486738635432,0.27611969770359057,False,0.7336011469190933,,11.0,9.230769230769232
20.111701488494873,1790752253.8760026,0.3209791365690555,0.27609813767812935,False,0.7009790567707301,,11.0,9.207161125319693
20.16389751434326,1790752253.9281986,0.339344472887549,0.27606341179051264,False,0.6984143325213521,,11.0,9.183673469387756
20.213683605194092,1790752253.9779847,0.33924567150332663,0.276028685902896,False,0.734257857747608,,11.0,9.16030534351145
20.26568579673767,1790752254.0299869,0.3672240335440221,0.27591275105161567,False,0.7584521321253261,,11.0,9.137055837563452
20.3161199092865,1790752254.080421,0.35888677586514606,0.2757968162003354,False,0.7419818246908378,,11.0,9.113924050632912
20.36878514289856,1790752254.1330862,0.36097814109050863,0.2756997374047289,False,0.7338773163400221,,11.0,9.090909090909092
20.421650886535645,1790752254.185952,0.35898903148217076,0.2756026586091225,False,0.7295268455602754,,11.0,9.06801007556675
20.47649884223938,1790752254.2408,0.3651750584691839,0.2755837916773056,False,0.7633448518098344,,11.0,9.045226130653267
20.530256271362305,1790752254.2945573,0.3490132644765832,0.27556492474548877,False,0.7114583964928488,,11.0,9.022556390977442
20.584115982055664,1790752254.348417,0.3588633405169944,0.2754914749517527,False,0.7336838039402684,,11.0,9.0
20.63409185409546,1790752254.398393,0.3784897685336559,0.27556492474548877,False,0.7174396696987158,,11.0,8.977556109725686
20.68647003173828,1790752254.450771,0.38502423345849535,0.2755837916773056,False,0.7441366278569942,,11.0,8.955223880597014
20.734714031219482,1790752254.499015,0.3679036997950036,0.2756026586091225,False,0.7120472408752765,,11.0,8.933002481389577
20.78833818435669,1790752254.5526392,0.39159491303241245,0.2756997374047289,False,0.7239975441241902,,11.0,8.91089108910891
20.83712863922119,1790752254.6014297,0.37563712241357783,0.2757968162003354,False,0.6829641642616224,,11.0,8.88888888888889
20.88912868499756,1790752254.6534297,0.3767194240273842,0.275862295523294,False,0.677575001258626,,11.0,8.866995073891626
20.937278032302856,1790752254.701579,0.3825387530852006,0.2759277748462527,False,0.6646493572589623,,11.0,8.845208845208845
20.989660501480103,1790752254.7539616,0.36654914488700324,0.275862295523294,False,0.66508394946955,,11.0,8.823529411764707
21.03828454017639,1790752254.8025856,0.37492404147832903,0.2759277748462527,False,0.6655913530971036,,11.0,8.80195599022005
21.09001088142395,1790752254.854312,0.3851832890846678,0.27597823037457436,False,0.6579427748026656,,11.0,8.780487804878048
21.140488862991333,1790752254.90479,0.3685915004545808,0.276028685902896,False,0.6463828154633227,,11.0,8.75912408759124
21.19197940826416,1790752254.9562805,0.38443300697952953,0.27606341179051264,False,0.6714472423076093,,11.0,8.737864077669903
21.23996877670288,1790752255.0042698,0.38272755821128396,0.27609813767812935,False,0.6706071979053021,,11.0,8.716707021791766
21.29145836830139,1790752255.0557594,0.383536199605239,0.27611969770359057,False,0.676720195190534,,11.0,8.695652173913043
21.340754508972168,1790752255.1050556,0.36614501538442107,0.27609813767812935,False,0.6702440036613042,,11.0,8.674698795180722
21.39340877532959,1790752255.1577098,0.37169359520341194,0.27611969770359057,False,0.6644764830767109,,11.0,8.653846153846153
21.44275975227356,1790752255.2070608,0.3818665025592155,0.2761412577290517,False,0.6574635654798697,,11.0,8.633093525179856
21.49471616744995,1790752255.2590172,0.38019416517809523,0.2761412577290517,False,0.6448435914378203,,11.0,8.61244019138756
21.543400287628174,1790752255.3077013,0.37900537154395597,0.2761412577290517,False,0.649673384732432,,11.0,8.591885441527445
21.59045433998108,1790752255.3547554,0.3722316621449089,0.2761986666730908,False,0.6417456996854857,,11.0,8.571428571428571
21.645389080047607,1790752255.4096901,0.37363976445845737,0.2762560756171298,False,0.67466122499827,,11.0,8.551068883610451
21.69689917564392,1790752255.4612002,0.3762318387278772,0.27634759897246636,False,0.703454087135127,,11.0,8.530805687203792
21.751243114471436,1790752255.5155442,0.3630746888689722,0.2762560756171298,False,0.7335313635466538,,11.0,8.51063829787234
21.801438808441162,1790752255.5657399,0.38403997313505994,0.27634759897246636,False,0.7681627888842377,,11.0,8.49056603773585
21.85416316986084,1790752255.6184642,0.37567225792439174,0.276439122327803,False,0.7578834596412416,,11.0,8.470588235294118
21.902942180633545,1790752255.6672432,0.29301775444153516,0.27634759897246636,False,0.7504989536944213,,11.0,8.450704225352112
21.954846620559692,1790752255.7191477,0.17131574127445295,0.2762560756171298,True,0.6986643517783214,,11.0,8.665105386416862
22.003459692001343,1790752255.7677608,0.16527702299315095,0.2761986666730908,True,0.7239514223998573,,11.0,8.878504672897195
22.055130004882812,1790752255.819431,0.22156912013241173,0.2761412577290517,True,0.7283889067726749,,11.0,9.090909090909092
22.105175733566284,1790752255.8694768,0.3040864581865299,0.2761412577290517,False,0.7332303503162452,150.3291130065918,12.0,9.069767441860465
22.158036470413208,1790752255.9223375,0.3307440304126288,0.2761412577290517,False,0.7386185988690728,,12.0,9.048723897911833
22.20638871192932,1790752255.9706898,0.3409704223606951,0.27611969770359057,False,0.7759147706136168,,12.0,9.027777777777777
22.258902549743652,1790752256.0232036,0.35523821471436695,0.27609813767812935,False,0.8259723877906906,,12.0,9.006928406466514
22.311033248901367,1790752256.0753343,0.37010827884555997,0.27611969770359057,False,0.7515810075071635,,12.0,8.986175115207374
22.36380434036255,1790752256.1281054,0.35609348333368795,0.27609813767812935,False,0.7134007813874419,,12.0,8.96551724137931
22.41578459739685,1790752256.1800857,0.37505529338933763,0.27611969770359057,False,0.7146765435845567,,12.0,8.944954128440367
22.47002339363098,1790752256.2343245,0.37864585821228025,0.2761412577290517,False,0.7561396675046504,,12.0,8.924485125858125
22.52131199836731,1790752256.285613,0.3811184644607768,0.2761412577290517,False,0.7237886917406521,,12.0,8.904109589041095
22.57613968849182,1790752256.3404408,0.3670333498701403,0.2761412577290517,False,0.7578946351916318,,12.0,8.88382687927107
22.626247882843018,1790752256.390549,0.3765622664653358,0.2761412577290517,False,0.8112998405797386,,12.0,8.863636363636363
22.680883646011353,1790752256.4451847,0.37393302000641293,0.2761412577290517,False,0.7811152874507042,,12.0,8.843537414965986
22.735010385513306,1790752256.4993114,0.381349257697976,0.2761986666730908,False,0.7241896853028813,,12.0,8.823529411764707
22.789222955703735,1790752256.553524,0.36707370571525233,0.2761412577290517,False,0.7245362159428832,,12.0,8.803611738148984
22.840444803237915,1790752256.6047459,0.38500087009878287,0.2761986666730908,False,0.5409048065651245,,12.0,8.783783783783784
22.894443035125732,1790752256.658744,0.3559827727680872,0.2761412577290517,False,0.5827895600445591,,12.0,8.764044943820224
22.947791576385498,1790752256.7120926,0.37410758201666905,0.2761986666730908,False,0.6341936945799118,,12.0,8.74439461883408
23.00272798538208,1790752256.767029,0.3674450818236545,0.2761412577290517,False,0.6402197366848402,,12.0,8.724832214765101
23.053282260894775,1790752256.8175833,0.37137377755537854,0.2761986666730908,False,0.6546397173442615,,12.0,8.705357142857142
23.10379648208618,1790752256.8680975,0.37236034945183505,0.2762560756171298,False,0.6099441719491273,,12.0,8.68596881959911
23.15365242958069,1790752256.9179535,0.3733862634378864,0.27634759897246636,False,0.6509091483648323,,12.0,8.666666666666668
23.201610326766968,1790752256.9659114,0.37402090150937717,0.276439122327803,False,0.6345806316108367,,12.0,8.647450110864744
23.250380992889404,1790752257.014682,0.3788557348739744,0.2764413738343693,False,0.6498612374563626,,12.0,8.628318584070795
23.301655769348145,1790752257.0659568,0.37147898429634885,0.2764436253409356,False,0.630622904258389,,12.0,8.609271523178808
23.351829051971436,1790752257.11613,0.38014109778246263,0.2766329232664687,False,0.6337135622363476,,12.0,8.590308370044053
23.399900674819946,1790752257.1642017,0.3766481143280785,0.2768222211920018,False,0.6443899870203728,,12.0,8.571428571428571
23.45348048210144,1790752257.2177815,0.37236034945183505,0.27683176628785433,False,0.6299001294464788,,12.0,8.552631578947368
23.502509593963623,1790752257.2668107,0.3760769763930931,0.2768413113837069,False,0.6510451728541807,,12.0,8.533916849015318
23.554482221603394,1790752257.3187833,0.3694068099894583,0.2768608143057502,False,0.6721608262073251,,12.0,8.51528384279476
23.604429960250854,1790752257.368731,0.35766218375912917,0.2768413113837069,False,0.7488173730384292,,12.0,8.49673202614379
23.6579430103302,1790752257.422244,0.37594816701311706,0.2768608143057502,False,0.5701858542789346,,12.0,8.478260869565217
23.709120750427246,1790752257.4734218,0.37542235575132954,0.27688031722779355,False,0.5864032924575738,,12.0,8.459869848156181
23.76728081703186,1790752257.5315819,0.3740472494347716,0.27696771235994366,False,0.6744936622901645,,12.0,8.441558441558442
23.822738885879517,1790752257.58704,0.3669200013381666,0.27688031722779355,False,0.684433630055319,,12.0,8.423326133909287
23.877323865890503,1790752257.641625,0.3673051469340135,0.2768608143057502,False,0.5016132025460137,,12.0,8.405172413793103
23.92846155166626,1790752257.6927626,0.3682802290023637,0.2768413113837069,False,0.5536377331320992,,12.0,8.38709677419355
23.98067355155945,1790752257.7449746,0.2682702656212296,0.27683176628785433,True,0.5534679939869637,,12.0,8.583690987124463
24.0289888381958,1790752257.79329,0.16076280669113321,0.2768222211920018,True,0.5448152808885353,,12.0,8.779443254817988
24.081395864486694,1790752257.845697,0.28783641560692896,0.2766329232664687,False,0.6619775714113835,100.7223129272461,13.0,8.76068376068376
24.130242824554443,1790752257.894544,0.3251155264919746,0.2764436253409356,False,0.6396635366176289,,13.0,8.742004264392325
24.18439531326294,1790752257.9486964,0.3367795793153469,0.2764413738343693,False,0.612432297049863,,13.0,8.72340425531915
24.23349928855896,1790752257.9978004,0.34237585112548174,0.276439122327803,False,0.7761594827395751,,13.0,8.70488322717622
24.287012577056885,1790752258.0513136,0.3741048588531077,0.2764413738343693,False,0.8364655956091501,,13.0,8.686440677966102
24.335434675216675,1790752258.0997357,0.36956479165263983,0.2764436253409356,False,0.746490022546475,,13.0,8.668076109936575
24.38861608505249,1790752258.1529171,0.3651792901068104,0.2764413738343693,False,0.7048115947172335,,13.0,8.649789029535865
24.438939094543457,1790752258.2032402,0.37528481774842426,0.2764436253409356,False,0.6637159353413747,,13.0,8.631578947368421
24.492312908172607,1790752258.256614,0.3663220532355056,0.2764413738343693,False,0.6823441629877832,,13.0,8.61344537815126
24.54115080833435,1790752258.3054519,0.3703758357475375,0.2764436253409356,False,0.672386713814626,,13.0,8.59538784067086
24.594231128692627,1790752258.3585322,0.3758471828973575,0.2766329232664687,False,0.6856226228334756,,13.0,8.577405857740587
24.644451379776,1790752258.4087524,0.37647657573873816,0.2768222211920018,False,0.6722278830258419,,13.0,8.559498956158663
24.696982622146606,1790752258.4612837,0.3709102928742164,0.27683176628785433,False,0.6413193796617416,,13.0,8.541666666666666
24.74686574935913,1790752258.5111668,0.32016087806087107,0.2768222211920018,False,0.6766998434994322,,13.0,8.523908523908524
24.799315452575684,1790752258.5636165,0.18810909854025182,0.2766329232664687,True,0.663603947017316,,13.0,8.71369294605809
24.85219717025757,1790752258.6164982,0.17917999386792066,0.2764436253409356,True,0.6539864183439832,,13.0,8.902691511387163
24.903175592422485,1790752258.6674767,0.24024471468690933,0.2764413738343693,True,0.6443852295202791,,13.0,9.090909090909092
24.952152967453003,1790752258.716454,0.2749047534516131,0.276439122327803,True,0.6346755908880177,,13.0,9.278350515463918
25.00333547592163,1790752258.7676365,0.3317546465677333,0.27634759897246636,False,0.6386660993134496,204.02002334594727,14.0,9.25925925925926
25.054100275039673,1790752258.8184013,0.3521221626707922,0.2762560756171298,False,0.6696607235541138,,14.0,9.240246406570842
25.10604763031006,1790752258.8703487,0.3511140445721498,0.2762331236844513,False,0.6476134648215831,,14.0,9.221311475409836
25.156771659851074,1790752258.9210727,0.3544377016494623,0.27621017175177276,False,0.658208294096775,,14.0,9.202453987730062
25.209938287734985,1790752258.9742393,0.360599768283539,0.27617571474041225,False,0.669876944229591,,14.0,9.183673469387756
25.25899338722229,1790752259.0232944,0.3778838346567836,0.27621017175177276,False,0.6748797328678617,,14.0,9.164969450101832
25.31047511100769,1790752259.0747762,0.37768126497669574,0.2762331236844513,False,0.6666439460192602,,14.0,9.146341463414634
25.359599113464355,1790752259.1239002,0.3866802668624978,0.2762560756171298,False,0.6842030107504616,,14.0,9.127789046653144
25.4146888256073,1790752259.17899,0.38501635619958374,0.27634759897246636,False,0.703849967011068,,14.0,9.109311740890687
25.464462280273438,1790752259.2287633,0.3834346458772614,0.276439122327803,False,0.67912291532414,,14.0,9.090909090909092
25.51715064048767,1790752259.2814517,0.3781833831116912,0.2764413738343693,False,0.6966071272555863,,14.0,9.07258064516129
25.569913864135742,1790752259.334215,0.37747792282356646,0.2764436253409356,False,0.6993922114126981,,14.0,9.054325955734406
25.621861219406128,1790752259.3861623,0.3874460054203167,0.2766329232664687,False,0.678062966058096,,14.0,9.036144578313253
25.67116618156433,1790752259.4354672,0.3777723421927746,0.2768222211920018,False,0.6735806171411144,,14.0,9.01803607214429
25.721277713775635,1790752259.4855788,0.3937035860742132,0.27683176628785433,False,0.6800881831215744,,14.0,9.0
25.77542495727539,1790752259.539726,0.38598973313535034,0.2768413113837069,False,0.7010989028910776,,14.0,8.982035928143713
25.827450037002563,1790752259.591751,0.38253533547790086,0.2768608143057502,False,0.6782629026061696,,14.0,8.964143426294822
25.88413977622986,1790752259.6484408,0.3879877607200688,0.27688031722779355,False,0.6888122271063727,,14.0,8.946322067594433
25.93532681465149,1790752259.6996279,0.38253533547790086,0.27696771235994366,False,0.6818630996335818,,14.0,8.928571428571429
25.986765146255493,1790752259.7510662,0.3890319402934039,0.2770551074920937,False,0.7160322597300639,,14.0,8.91089108910891
26.034252643585205,1790752259.7985537,0.38103259386066834,0.27709003768815654,False,0.7382301914106013,,14.0,8.893280632411066
26.084614038467407,1790752259.848915,0.3890319402934039,0.2771249678842194,False,0.7682332029382436,,14.0,8.875739644970414
26.137707471847534,1790752259.9020085,0.3846436679121786,0.27714928081184964,False,0.8537360045812332,,14.0,8.858267716535433
26.188095331192017,1790752259.9523964,0.3950811700243271,0.27717359373947986,False,0.8048117541732893,,14.0,8.840864440078585
26.23892617225647,1790752260.0032272,0.37099663638372193,0.2772074812235801,False,0.7411762662289936,,14.0,8.823529411764707
26.289846181869507,1790752260.0541472,0.3799511955634601,0.27724136870768024,False,0.7579518245150941,,14.0,8.806262230919765
26.34394359588623,1790752260.1082447,0.3910200706052505,0.2773016596459802,False,0.8640732611491191,,14.0,8.7890625
26.39591670036316,1790752260.1602178,0.3825884912139079,0.2773619505842801,False,0.9607254582176232,,14.0,8.771929824561402
26.44842767715454,1790752260.2127287,0.3870949669734497,0.2774143000919886,False,0.9660533601150495,,14.0,8.754863813229571
26.498909950256348,1790752260.263211,0.38624411674549947,0.27746664959969713,False,0.991227950186229,,14.0,8.737864077669903
26.55243968963623,1790752260.3167408,0.414286401517336,0.27752392936693354,False,0.7970079585396338,,14.0,8.720930232558139
26.601175546646118,1790752260.3654766,0.3740736818529956,0.27758120913416995,False,0.6757019231327925,,14.0,8.704061895551257
26.65040898323059,1790752260.41471,0.3822783223883234,0.2776564944775737,False,0.6779301259794973,,14.0,8.687258687258687
26.702536582946777,1790752260.4668376,0.3766924623609147,0.2777317798209774,False,0.6923201387009256,,14.0,8.670520231213873
26.75263285636902,1790752260.516934,0.3936883337238528,0.27774277301128536,False,0.707795874854999,,14.0,8.653846153846153
26.800800561904907,1790752260.5651016,0.3819022983285252,0.2777537662015932,False,0.7674109019892902,,14.0,8.637236084452974
26.85454273223877,1790752260.6188438,0.391209993196026,0.27776782150612317,False,0.7599743187451609,,14.0,8.620689655172415
26.904616355895996,1790752260.6689174,0.38879891273555367,0.27778187681065314,False,0.7237453793486242,,14.0,8.604206500956023
26.95809006690979,1790752260.7223911,0.4027094326126619,0.27782595150941264,False,0.75029709568379,,14.0,8.587786259541986
27.008187532424927,1790752260.7724886,0.38738090310710094,0.2778700262081722,False,0.693328146990247,,14.0,8.571428571428571
27.05711030960083,1790752260.8214114,0.402045203205054,0.27802637293191723,False,0.6865297261494534,,14.0,8.555133079847907
27.109687328338623,1790752260.8739884,0.3896439786186504,0.2781827196556623,False,0.6867880802223126,,14.0,8.538899430740038
27.161494970321655,1790752260.925796,0.4218611518463621,0.2781937489573644,False,0.7325041006417692,,14.0,8.522727272727272
27.215248823165894,1790752260.97955,0.380294589891641,0.27820477825906653,False,0.6928571101167555,,14.0,8.506616257088846
27.265848875045776,1790752261.03015,0.4010577552234404,0.278226127773429,False,0.6922920300249537,,14.0,8.49056603773585
27.317883729934692,1790752261.0821848,0.36616688318786983,0.27820477825906653,False,0.6944060861641802,,14.0,8.47457627118644
27.366543292999268,1790752261.1308444,0.16279183815880233,0.2781937489573644,True,0.6834016333054438,,14.0,8.646616541353383
27.41874861717224,1790752261.1830497,0.1464777048856547,0.2781827196556623,True,0.6970241173154704,,14.0,8.818011257035648
27.467607498168945,1790752261.2319086,0.2412961532585151,0.27802637293191723,True,0.6626287424865033,,14.0,8.98876404494382
27.519622564315796,1790752261.2839236,0.25278934536419134,0.2778700262081722,True,0.6953847787759185,,14.0,9.158878504672897
27.568828582763672,1790752261.3331296,0.3279588273931513,0.27782595150941264,False,0.7031776303397405,202.2852897644043,15.0,9.14179104477612
27.62244462966919,1790752261.3867457,0.34243925769202277,0.27778187681065314,False,0.7054347471620726,,15.0,9.124767225325884
27.67079472541809,1790752261.4350958,0.3631272725001883,0.27776782150612317,False,0.6687240987898566,,15.0,9.107806691449815
27.723477840423584,1790752261.487779,0.3720989848914384,0.27778187681065314,False,0.6771296082465531,,15.0,9.090909090909092
27.773282051086426,1790752261.537583,0.36442886866448776,0.27776782150612317,False,0.6760665576297724,,15.0,9.074074074074074
27.82627534866333,1790752261.5905764,0.37047788747219756,0.27778187681065314,False,0.701449717269957,,15.0,9.057301293900185
27.875871419906616,1790752261.6401725,0.37459884448488895,0.27782014620740064,False,0.7178276048463782,,15.0,9.040590405904059
27.928846836090088,1790752261.693148,0.3931752006490925,0.27785841560414815,False,0.6946027237618788,,15.0,9.023941068139964
27.979114770889282,1790752261.7434158,0.3827445017812473,0.2778642209061602,False,0.6842534615090238,,15.0,9.007352941176471
28.030306577682495,1790752261.7946076,0.3898580716532288,0.2778700262081722,False,0.7075637446420018,,15.0,8.990825688073395
28.08334469795227,1790752261.8476458,0.3859606617989098,0.27802637293191723,False,0.6813989706340248,,15.0,8.974358974358974
28.135405778884888,1790752261.8997068,0.3974847331661445,0.2781827196556623,False,0.6972050575220348,,15.0,8.957952468007313
28.18832802772522,1790752261.952629,0.36925682075972244,0.27802637293191723,False,0.6602816279671042,,15.0,8.94160583941606
28.241585731506348,1790752262.0058868,0.3613214117864344,0.2778700262081722,False,0.6520552023411138,,15.0,8.925318761384334
28.292745113372803,1790752262.0570462,0.3806017925209405,0.27802637293191723,False,0.6738439064641705,,15.0,8.90909090909091
28.347748279571533,1790752262.1120493,0.37550911327383985,0.2781827196556623,False,0.6495634984314096,,15.0,8.892921960072595
28.398098945617676,1790752262.1624,0.38563949314975643,0.2781937489573644,False,0.6656932880162829,,15.0,8.876811594202898
28.451755046844482,1790752262.216056,0.3787035294183678,0.27820477825906653,False,0.6689028920830039,,15.0,8.860759493670885
28.50233745574951,1790752262.2666385,0.3791502711820333,0.278226127773429,False,0.6775175509553698,,15.0,8.844765342960288
28.55614423751831,1790752262.3204453,0.4026658331257825,0.2782474772877914,False,0.6962162492237519,,15.0,8.82882882882883
28.60554838180542,1790752262.3698494,0.3845853179104549,0.2783889052271627,False,0.6674115213049294,,15.0,8.81294964028777
28.657166481018066,1790752262.4214675,0.3721562733229095,0.2785303331665339,False,0.6462488964600371,,15.0,8.797127468581687
28.705622673034668,1790752262.4699237,0.38692676732122294,0.27853472188241446,False,0.6652802442671698,,15.0,8.781362007168457
28.755213975906372,1790752262.519515,0.38102135417559346,0.27853911059829506,False,0.6537879196188592,,15.0,8.765652951699463
28.807348489761353,1790752262.5716496,0.3986552486868108,0.2785423508540625,False,0.6805657362493752,,15.0,8.75
28.858047008514404,1790752262.622348,0.3892609233558722,0.2785455911098299,False,0.661806756424226,,15.0,8.73440285204991
28.908586740493774,1790752262.6728878,0.33593285344559454,0.2785423508540625,False,0.6802400883569205,,15.0,8.718861209964412
28.959561824798584,1790752262.723863,0.15678484236793938,0.27853911059829506,True,0.6791403850527137,,15.0,8.880994671403197
29.01113796234131,1790752262.775439,0.15875976202765715,0.27853472188241446,True,0.6653025286708609,,15.0,9.042553191489363
29.063711881637573,1790752262.828013,0.2533970695271919,0.2785303331665339,True,0.6619057281125783,,15.0,9.20353982300885
29.115646362304688,1790752262.8799474,0.2858469280100092,0.2783889052271627,False,0.6839545105515229,156.08453750610352,16.0,9.187279151943462
29.167269706726074,1790752262.9315708,0.33297711288741916,0.2782474772877914,False,0.6779188650658189,,16.0,9.171075837742503
29.21647882461548,1790752262.98078,0.3578666636379597,0.278226127773429,False,0.682511691438782,,16.0,9.15492957746479
29.268218517303467,1790752263.0325196,0.3621616669421451,0.27820477825906653,False,0.723280615172676,,16.0,9.13884007029877
29.322463989257812,1790752263.086765,0.3611855859032448,0.2781937489573644,False,0.7111012579234287,,16.0,9.12280701754386
29.37695574760437,1790752263.1412568,0.3659585687125453,0.2781827196556623,False,0.6805113975596949,,16.0,9.106830122591944
29.426138877868652,1790752263.19044,0.3848569971536705,0.2781937489573644,False,0.6906204674288098,,16.0,9.090909090909092
29.478766441345215,1790752263.2430675,0.375728087788862,0.27820477825906653,False,0.6838858641648253,,16.0,9.07504363001745
29.527620315551758,1790752263.2919214,0.37289477745005495,0.278226127773429,False,0.6789420349126966,,16.0,9.059233449477352
29.58057141304016,1790752263.3448725,0.37607126759221177,0.2782474772877914,False,0.6873845522958917,,16.0,9.043478260869566
29.630048990249634,1790752263.39435,0.35241363256470226,0.278226127773429,False,0.6924596440737234,,16.0,9.027777777777777
29.68259310722351,1790752263.4468942,0.3817357979566458,0.2782474772877914,False,0.7017823065037158,,16.0,9.01213171577123
29.7316677570343,1790752263.4959688,0.3667945200967995,0.278226127773429,False,0.682092555627246,,16.0,8.996539792387544
29.78456163406372,1790752263.5488627,0.3822751502220383,0.2782474772877914,False,0.6873754074931329,,16.0,8.981001727115718
29.83385133743286,1790752263.5981524,0.38838378359460346,0.2783889052271627,False,0.6993919824965684,,16.0,8.96551724137931
29.88526678085327,1790752263.6495678,0.40322031288850524,0.2785303331665339,False,0.680536368462398,,16.0,8.950086058519794
29.9338276386261,1790752263.6981287,0.3862402542950808,0.27853472188241446,False,0.6807106692866413,,16.0,8.934707903780069
29.983847618103027,1790752263.7481487,0.39180303068692224,0.27853911059829506,False,0.6724728870063663,,16.0,8.919382504288166
30.033479690551758,1790752263.7977808,0.3891188262896055,0.2785423508540625,False,0.6737567632317389,,16.0,8.904109589041095
30.082547426223755,1790752263.8468485,0.3821970997691222,0.2785455911098299,False,0.6823704475842303,,16.0,8.88888888888889
30.133543968200684,1790752263.897845,0.3889168676315806,0.2785774146660458,False,0.6707037645627809,,16.0,8.873720136518772
30.185731649398804,1790752263.9500327,0.3836505992239829,0.27860923822226163,False,0.6400248104061247,,16.0,8.858603066439523
30.23963475227356,1790752264.0039358,0.4051286969345569,0.2786897173124103,False,0.6618641381905481,,16.0,8.843537414965986
30.29043436050415,1790752264.0547354,0.38043663918159965,0.27877019640255896,False,0.6789105640193518,,16.0,8.828522920203735
30.34662127494812,1790752264.1109223,0.39372441338510444,0.27880313688027103,False,0.6820376653176028,,16.0,8.813559322033898
30.395614624023438,1790752264.1599157,0.39084180720688977,0.2788360773579831,False,0.650594568019455,,16.0,8.79864636209814
30.449179887771606,1790752264.213481,0.39111523085764566,0.2789551580132809,False,0.64921887567589,,16.0,8.783783783783784
30.500858545303345,1790752264.2651596,0.3894950165638925,0.2790742386685788,False,0.6900718682108626,,16.0,8.768971332209107
30.55388617515564,1790752264.3181872,0.39540178396571646,0.27909572183038045,False,0.6770127397474133,,16.0,8.754208754208754
30.60317063331604,1790752264.3674717,0.400619557020182,0.2791172049921821,False,0.6839755849325064,,16.0,8.739495798319327
30.65751361846924,1790752264.4218147,0.40193417542479015,0.279117487298014,False,0.6770674490762786,,16.0,8.724832214765101
30.70636296272278,1790752264.470664,0.40402905822207713,0.2791177696038458,False,0.6600780943174165,,16.0,8.710217755443885
30.75818705558777,1790752264.522488,0.37767860219865834,0.2791225837266128,False,0.6702419090827989,,16.0,8.695652173913043
30.80825424194336,1790752264.5725553,0.3986363194864616,0.2791273978493797,False,0.6785386008650597,,16.0,8.681135225375627
30.859436750411987,1790752264.6237378,0.39408574125256346,0.27915057222903067,False,0.6624184009480141,,16.0,8.666666666666668
30.90877676010132,1790752264.6730778,0.3975290118163372,0.27917374660868166,False,0.6852670111333283,,16.0,8.652246256239602
30.96013379096985,1790752264.7244349,0.39832822988136024,0.2791750493779959,False,0.6602051488373375,,16.0,8.637873754152823
31.013222217559814,1790752264.7775233,0.2968969973083728,0.27917374660868166,False,0.683918905537805,,16.0,8.623548922056385
31.06614351272583,1790752264.8304446,0.15902328154324916,0.27915057222903067,True,0.674181104159314,,16.0,8.774834437086094
31.121562480926514,1790752264.8858635,0.2138114306659052,0.2791273978493797,True,0.6422517933476614,,16.0,8.925619834710744
31.17612099647522,1790752264.940422,0.2679863617587156,0.2791225837266128,True,0.649244956526614,,16.0,9.075907590759076
31.226314306259155,1790752264.9906154,0.31488212625196754,0.2791177696038458,False,0.6873754074931329,160.1707935333252,17.0,9.060955518945635
31.28202199935913,1790752265.046323,0.33378077184114674,0.279117487298014,False,0.6874302950027502,,17.0,9.046052631578947
31.331550359725952,1790752265.0958514,0.37599947784346915,0.2791177696038458,False,0.6890565513678495,,17.0,9.0311986863711
31.386019229888916,1790752265.1503203,0.3825245667361037,0.2791225837266128,False,0.6992736180441133,,17.0,9.01639344262295
31.43649411201477,1790752265.2007952,0.17779872846656758,0.2791177696038458,True,0.6652802442671698,,17.0,9.165302782324058
31.489763498306274,1790752265.2540646,0.15339173664411537,0.279117487298014,True,0.7012549367674502,,17.0,9.313725490196079
31.541746616363525,1790752265.3060477,0.14122459779548568,0.2791172049921821,True,0.6716923392093412,,17.0,9.461663947797716
31.59192657470703,1790752265.3562276,0.21170713819136794,0.27909572183038045,True,0.6619242516653395,,17.0,9.609120521172638
31.643389225006104,1790752265.4076903,0.24777869393037394,0.2790742386685788,True,0.683918905537805,,17.0,9.75609756097561
31.697848558425903,1790752265.4621496,0.2980060856980724,0.2789551580132809,False,0.6570027161614437,261.3544464111328,18.0,9.740259740259742
31.748159408569336,1790752265.5124605,0.33116027430862305,0.2788360773579831,False,0.6773199425337252,,18.0,9.724473257698541
31.801480531692505,1790752265.5657816,0.33314006747018726,0.27880313688027103,False,0.66073740609188,,18.0,9.70873786407767
31.85273051261902,1790752265.6170316,0.3463653546664636,0.27877019640255896,False,0.6858559219249173,,18.0,9.693053311793214
31.90540647506714,1790752265.6697075,0.35838540723146306,0.2786897173124103,False,0.6657874268744405,,18.0,9.67741935483871
31.954991579055786,1790752265.7192926,0.37264581858901447,0.27877019640255896,False,0.6759879993576111,,18.0,9.66183574879227
32.00620770454407,1790752265.7705088,0.3752778292273546,0.27880313688027103,False,0.6455717372560983,,18.0,9.646302250803858
32.05504393577576,1790752265.819345,0.376562085269227,0.2788360773579831,False,0.6670072491572143,,18.0,9.630818619582666
32.10412836074829,1790752265.8684294,0.3726637160808125,0.2789551580132809,False,0.653986719074103,,18.0,9.615384615384617
32.15697526931763,1790752265.9212763,0.3907022541175098,0.2790742386685788,False,0.6944803161928008,,18.0,9.6
32.20657801628113,1790752265.970879,0.36802320089955065,0.2789551580132809,False,0.707731982415664,,18.0,9.584664536741213
32.25514507293701,1790752266.0194461,0.3909737533451626,0.2790742386685788,False,0.8079417800663293,,18.0,9.569377990430622
32.3083758354187,1790752266.072677,0.3750630736155174,0.27909572183038045,False,0.83424090775201,,18.0,9.554140127388536
32.35923480987549,1790752266.1235359,0.3867019287112229,0.2791172049921821,False,0.9086355316455113,,18.0,9.538950715421304
32.41403031349182,1790752266.1783314,0.37960508959552247,0.279117487298014,False,0.8914692001579894,,18.0,9.523809523809524
32.46924877166748,1790752266.2335498,0.3862319477669427,0.2791177696038458,False,0.8689897736135609,,18.0,9.508716323296355
32.52398443222046,1790752266.2882855,0.3852217691098267,0.2791225837266128,False,0.7778503475425066,,18.0,9.49367088607595
32.57665681838989,1790752266.3409579,0.3904721950079266,0.2791273978493797,False,0.7362009697946903,,18.0,9.47867298578199
32.628111362457275,1790752266.3924124,0.3865807319718997,0.27915057222903067,False,0.8684271776486092,,18.0,9.46372239747634
32.678786516189575,1790752266.4430876,0.38403997313505994,0.27917374660868166,False,0.8742676052232997,,18.0,9.448818897637794
32.73145270347595,1790752266.4957538,0.3957664856704922,0.2791750493779959,False,0.8457135248654888,,18.0,9.433962264150944
32.78356146812439,1790752266.5478625,0.39021732335248804,0.2791763521473102,False,0.7782561815065765,,18.0,9.419152276295135
32.836554765701294,1790752266.6008558,0.38638904145014014,0.279189228533424,False,0.7175614991434023,,18.0,9.404388714733543
32.88789963722229,1790752266.6522007,0.39803901389376983,0.2792021049195378,False,0.8459745508624793,,18.0,9.389671361502346
32.940096616744995,1790752266.7043977,0.38866581125390365,0.2792120537207182,False,0.8608675052768207,,18.0,9.375
32.99053907394409,1790752266.7548401,0.3770584684444186,0.27922200252189866,False,0.899055850529363,,18.0,9.360374414976599
33.0428147315979,1790752266.8071158,0.39944753523209,0.27922931321681066,False,0.8050813887662798,,18.0,9.345794392523365
33.091458559036255,1790752266.8557596,0.36662666331956995,0.27922200252189866,False,0.8421812326217764,,18.0,9.331259720062208
33.14542269706726,1790752266.9097238,0.40093617624514516,0.27922931321681066,False,0.8805559202787049,,18.0,9.316770186335404
33.1949245929718,1790752266.9592257,0.3870335906951785,0.27923662391172266,False,0.7994282019382603,,18.0,9.30232558139535
33.24480676651001,1790752267.0091078,0.40043605962078516,0.2792534430002995,False,0.7655899069661158,,18.0,9.287925696594428
33.2971076965332,1790752267.0614088,0.3908540033491072,0.2792702620888763,False,0.7974820391656684,,18.0,9.273570324574962
33.3472216129303,1790752267.1115227,0.401415624501158,0.2792702620888763,False,0.7785358096950034,,18.0,9.25925925925926
33.3988516330719,1790752267.1631527,0.37997865757235405,0.2792702620888763,False,0.7683195248150433,,18.0,9.244992295839753
33.455711364746094,1790752267.2200124,0.3942669274813092,0.27937731301531854,False,0.7279989515908551,,18.0,9.230769230769232
33.51166868209839,1790752267.2759697,0.38767843730990664,0.27948436394176085,False,0.7134007813874419,,18.0,9.216589861751153
33.574161767959595,1790752267.3384628,0.3748786674125879,0.2794910755011851,False,0.6393858288002755,,18.0,9.202453987730062
33.62542486190796,1790752267.389726,0.3883298610191973,0.27949778706060935,False,0.620354648131325,,18.0,9.188361408882082
33.68215799331665,1790752267.446459,0.3925323850816592,0.27958443507407527,False,0.5717233672430667,,18.0,9.174311926605505
33.73483872413635,1790752267.4991398,0.3971678407425302,0.2796710830875412,False,0.5567328403452273,,18.0,9.16030534351145
33.78905463218689,1790752267.5533557,0.3890244431696388,0.27968070032817394,False,0.552879967156987,,18.0,9.146341463414634
33.844078063964844,1790752267.6083791,0.39668589194048526,0.2796903175688066,False,0.5704637413119236,,18.0,9.1324200913242
33.897698402404785,1790752267.6619995,0.37103983179811684,0.27968070032817394,False,0.5435918835992425,,18.0,9.118541033434651
33.950395822525024,1790752267.714697,0.3806370395796399,0.2796903175688066,False,0.5958656920316513,,18.0,9.104704097116842
34.00447750091553,1790752267.7687786,0.3907834161040172,0.27969612050532944,False,0.5767473108641312,,18.0,9.090909090909092
34.05529046058655,1790752267.8195915,0.3866228736592021,0.2797019234418523,False,0.5982305178280162,,18.0,9.07715582450832
34.11046075820923,1790752267.8747618,0.3906260491639385,0.27972448990525034,False,0.5862848807100806,,18.0,9.06344410876133
34.16260600090027,1790752267.926907,0.40524022457139675,0.2797470563686484,False,0.6015813713807199,,18.0,9.049773755656108
34.21793246269226,1790752267.9822335,0.3939800210882649,0.27981306815025764,False,0.6195766975916147,,18.0,9.036144578313253
34.269450426101685,1790752268.0337515,0.3918627263875842,0.2798790799318669,False,0.6035285536721418,,18.0,9.022556390977442
34.32363939285278,1790752268.0879405,0.4080649821643515,0.2799205662322335,False,0.6257411782907538,,18.0,9.00900900900901
34.37598919868469,1790752268.1402903,0.384484828187942,0.2799620525326001,False,0.5946380091035895,,18.0,8.995502248875562
34.430217027664185,1790752268.194518,0.4005223939846807,0.2800008750555074,False,0.6388991306926248,,18.0,8.982035928143713
34.4865665435791,1790752268.2508676,0.39072743537607424,0.2800396975784148,False,0.6268552653069037,,18.0,8.968609865470851
34.54129505157471,1790752268.305596,0.39561114229329186,0.2800473768066969,False,0.6309591718843829,,18.0,8.955223880597014
34.596463203430176,1790752268.3607643,0.36690395011368365,0.2800396975784148,False,0.6321212681224807,,18.0,8.941877794336811
34.65267515182495,1790752268.4169762,0.38826605532256386,0.2800473768066969,False,0.6324392423438654,,18.0,8.928571428571429
34.70829510688782,1790752268.4725962,0.26914389999809585,0.2800396975784148,True,0.6124485468111006,,18.0,9.063893016344725
34.76515030860901,1790752268.5294514,0.2052522370197826,0.2800008750555074,True,0.6105379969363576,,18.0,9.198813056379821
34.81661939620972,1790752268.5809205,0.24634566945561315,0.2799620525326001,True,0.6318746045569749,,18.0,9.333333333333334
34.87370228767395,1790752268.6380033,0.3042022119120658,0.2799205662322335,False,0.626987616960806,165.4071807861328,19.0,9.319526627218936
34.92778730392456,1790752268.6920884,0.3455805711381872,0.2798790799318669,False,0.6190679542580657,,19.0,9.30576070901034
34.985085248947144,1790752268.7493863,0.34442520804014465,0.27981306815025764,False,0.6373675890492748,,19.0,9.29203539823009
35.036643981933594,1790752268.800945,0.3599715751813908,0.2797470563686484,False,0.6271228678031247,,19.0,9.278350515463918
35.09066724777222,1790752268.8549683,0.3714241891342698,0.27972448990525034,False,0.627502928443992,,19.0,9.264705882352942
35.141194581985474,1790752268.9054956,0.35245746512671816,0.2797019234418523,False,0.6253451029126387,,19.0,9.251101321585903
35.19333815574646,1790752268.9576392,0.18546583696170355,0.27969612050532944,True,0.6262426023906239,,19.0,9.3841642228739
35.245680809020996,1790752269.0099819,0.20552945184976695,0.2796903175688066,True,0.6008419490130122,,19.0,9.51683748169839
35.29871225357056,1790752269.0630133,0.3007642281081564,0.27968070032817394,False,0.6262112926087186,105.37409782409668,20.0,9.502923976608187
35.35072875022888,1790752269.1150298,0.3158513867329229,0.2796710830875412,False,0.6360969961548072,,20.0,9.48905109489051
35.40314483642578,1790752269.167446,0.33388630973644684,0.27958443507407527,False,0.6214395408671036,,20.0,9.475218658892128
35.45481848716736,1790752269.2191195,0.3591715003486845,0.27949778706060935,False,0.6178329040840776,,20.0,9.461426491994178
35.508200883865356,1790752269.272502,0.35341243344373885,0.2794910755011851,False,0.6415677862720491,,20.0,9.44767441860465
35.55720376968384,1790752269.3215048,0.36224370431390296,0.27948436394176085,False,0.6402482465634919,,20.0,9.433962264150944
35.61120128631592,1790752269.3755023,0.37116844241059627,0.27937731301531854,False,0.6160832686604258,,20.0,9.420289855072465
35.65887093544006,1790752269.423172,0.3910158155104229,0.27948436394176085,False,0.6503408208696871,,20.0,9.406657018813313
35.71212458610535,1790752269.4764256,0.3312436165465449,0.27937731301531854,False,0.6470091523834901,,20.0,9.393063583815028
35.762035846710205,1790752269.526337,0.16524424868539422,0.2792702620888763,True,0.622758441728304,,20.0,9.523809523809524
35.81500554084778,1790752269.5793066,0.1592733441359279,0.2792702620888763,True,0.6124332267792754,,20.0,9.654178674351584
35.864293575286865,1790752269.6285946,0.24525675065687091,0.2792702620888763,True,0.6292598380721721,,20.0,9.784172661870503
35.92189073562622,1790752269.6861918,0.3091566769442288,0.2792534430002995,False,0.6485103821900728,159.85488891601562,21.0,9.770114942528735
35.9741427898407,1790752269.7384439,0.32528827486945966,0.27923662391172266,False,0.6352933990444076,,21.0,9.75609756097561
36.0252161026001,1790752269.7895172,0.3543311385791475,0.27922931321681066,False,0.6652058538676149,,21.0,9.742120343839542
36.0749626159668,1790752269.8392637,0.35126012561311887,0.27922200252189866,False,0.6515114539849395,,21.0,9.72818311874106
36.12686562538147,1790752269.8911667,0.3603592694974564,0.2792120537207182,False,0.6341972206481311,,21.0,9.714285714285714
36.177101373672485,1790752269.9414024,0.3629373140344217,0.2792021049195378,False,0.633019898073801,,21.0,9.700427960057063
36.22943115234375,1790752269.9937322,0.37352249368756385,0.2792120537207182,False,0.6430197442022949,,21.0,9.686609686609685
36.280250549316406,1790752270.0445516,0.3677278232387898,0.2792021049195378,False,0.6485103821900728,,21.0,9.672830725462305
36.333609104156494,1790752270.0979102,0.3664827128552347,0.279189228533424,False,0.6443187324810421,,21.0,9.659090909090908
36.38352179527283,1790752270.1478229,0.36607514876369857,0.2791763521473102,False,0.6253273167455605,,21.0,9.645390070921986
36.43617248535156,1790752270.2004735,0.36684293499837106,0.2791750493779959,False,0.632641377558631,,21.0,9.631728045325778
36.48524522781372,1790752270.2495463,0.37064134507533336,0.27917374660868166,False,0.628190398393176,,21.0,9.618104667609618
36.537638425827026,1790752270.3019395,0.36805644391809345,0.27915057222903067,False,0.6181612332843648,,21.0,9.6045197740113
36.58683395385742,1790752270.351135,0.3522991861404614,0.2791273978493797,False,0.6278265523616487,,21.0,9.590973201692526
36.63575339317322,1790752270.4000545,0.3626626271255654,0.2791225837266128,False,0.6265301842425421,,21.0,9.577464788732394
36.6878924369812,1790752270.4521935,0.3738653724257641,0.2791273978493797,False,0.6167799393356124,,21.0,9.563994374120956
36.73928999900818,1790752270.503591,0.36458976055596304,0.2791225837266128,False,0.6329266931796292,,21.0,9.550561797752808
36.792314529418945,1790752270.5566156,0.3675686095164049,0.2791177696038458,False,0.6141549747837826,,21.0,9.537166900420758
36.84174919128418,1790752270.6060503,0.3665457484486374,0.279117487298014,False,0.6129783925649867,,21.0,9.523809523809524
36.895373582839966,1790752270.6596746,0.36685074723183353,0.2791172049921821,False,0.6214855202935387,,21.0,9.51048951048951
36.94709658622742,1790752270.7113976,0.37678425817587613,0.279117487298014,False,0.6316126510420409,,21.0,9.497206703910614
37.00010967254639,1790752270.7644107,0.3558722063712688,0.2791172049921821,False,0.638549859714479,,21.0,9.483960948396094
37.050026178359985,1790752270.8143272,0.3725633261931933,0.279117487298014,False,0.6690908844815127,,21.0,9.47075208913649
37.10396385192871,1790752270.868265,0.37287589976765556,0.2791177696038458,False,0.6897319234657397,,21.0,9.457579972183588
37.15275168418884,1790752270.9170527,0.38089175550691656,0.2791225837266128,False,0.6857025468222708,,21.0,9.444444444444445
37.204094886779785,1790752270.968396,0.37033955971029264,0.2791177696038458,False,0.7031987550172798,,21.0,9.43134535367545
37.25198769569397,1790752271.0162888,0.3771601151155888,0.2791225837266128,False,0.7042642383785342,,21.0,9.418282548476455
37.309024810791016,1790752271.0733259,0.3859450209655435,0.2791273978493797,False,0.7369574901598432,,21.0,9.405255878284924
37.35639142990112,1790752271.1206925,0.4040018363002946,0.27915057222903067,False,0.7449589664469676,,21.0,9.392265193370166
37.40498900413513,1790752271.16929,0.38758607760711306,0.27917374660868166,False,0.6492939345498691,,21.0,9.379310344827587
37.456951379776,1790752271.2212524,0.37303666750264675,0.2791750493779959,False,0.6447805749355998,,21.0,9.366391184573002
37.50547909736633,1790752271.2697802,0.37034277283083616,0.27917374660868166,False,0.6365272585137078,,21.0,9.353507565337003
37.55429649353027,1790752271.3185976,0.3648419060721806,0.27915057222903067,False,0.6112927192046766,,21.0,9.340659340659341
37.6097891330719,1790752271.3740902,0.38627187513369876,0.27917374660868166,False,0.6149960438406935,,21.0,9.327846364883403
37.6608452796936,1790752271.4251463,0.4066480669029452,0.2791750493779959,False,0.6279059082751652,,21.0,9.315068493150685
37.71153807640076,1790752271.4758391,0.3960878412498253,0.2791763521473102,False,0.6038120122554399,,21.0,9.30232558139535
37.76389837265015,1790752271.5281994,0.39632963392127096,0.279189228533424,False,0.6182479774419719,,21.0,9.289617486338798
37.813889265060425,1790752271.5781903,0.38319673677594346,0.2792021049195378,False,0.6003437320764574,,21.0,9.27694406548431
37.86817646026611,1790752271.6324775,0.3784939430828228,0.2792120537207182,False,0.6163363394968958,,21.0,9.264305177111716
37.92244100570679,1790752271.686742,0.3808271500410423,0.27922200252189866,False,0.615020778684726,,21.0,9.251700680272108
37.97535467147827,1790752271.7396557,0.3891167775070876,0.27922931321681066,False,0.6342585636680267,,21.0,9.239130434782608
38.02757215499878,1790752271.7918732,0.3720463968036275,0.27922200252189866,False,0.6213858142526022,,21.0,9.226594301221166
38.08137226104736,1790752271.8456733,0.3810463926999448,0.27922931321681066,False,0.6151744532026748,,21.0,9.214092140921409
38.131052017211914,1790752271.895353,0.40074950875464077,0.27923662391172266,False,0.6164027684553398,,21.0,9.201623815967523
38.18472242355347,1790752271.9490235,0.3934580062487736,0.2792534430002995,False,0.6124283180632459,,21.0,9.18918918918919
38.234562158584595,1790752271.9988632,0.3813122594639373,0.2792702620888763,False,0.5991931663571864,,21.0,9.176788124156547
38.28723931312561,1790752272.0515404,0.40036874283923257,0.2792702620888763,False,0.6062447099763064,,21.0,9.164420485175203
38.33706307411194,1790752272.1013641,0.39396570944903625,0.2792702620888763,False,0.6005546936124952,,21.0,9.152086137281291
38.38805890083313,1790752272.15236,0.39144062785021416,0.27934637836688564,False,0.6101800286430299,,21.0,9.13978494623656
38.437838554382324,1790752272.2021396,0.38910102953498116,0.279422494644895,False,0.6215920839375462,,21.0,9.12751677852349
38.48883581161499,1790752272.2531369,0.17428681045138128,0.27934637836688564,True,0.6062941499085954,,21.0,9.249329758713138
38.53833746910095,1790752272.3026385,0.20029366319647374,0.2792702620888763,True,0.6069533364110985,,21.0,9.370816599732262
38.589107036590576,1790752272.353408,0.3144483809879115,0.2792702620888763,False,0.6226275498250587,100.27122497558594,22.0,9.358288770053475
38.639381408691406,1790752272.4036825,0.3438345757198584,0.2792702620888763,False,0.6254167209829536,,22.0,9.345794392523365
38.69133806228638,1790752272.4556391,0.3697112691738946,0.2792534430002995,False,0.6227264975211151,,22.0,9.333333333333334
38.74199962615967,1790752272.5063007,0.37121716611194555,0.27923662391172266,False,0.6101800286430299,,22.0,9.320905459387484
38.793612241744995,1790752272.5579133,0.3863038702645317,0.2792534430002995,False,0.6227247771451982,,22.0,9.308510638297872
38.844605445861816,1790752272.6089065,0.37140311863451236,0.27923662391172266,False,0.6063374765030757,,22.0,9.296148738379815
38.895904541015625,1790752272.6602056,0.388773165061531,0.2792534430002995,False,0.5912733005192102,,22.0,9.283819628647215
38.946576833724976,1790752272.710878,0.38613870428620023,0.2792702620888763,False,0.597981368318476,,22.0,9.271523178807946
39.00015163421631,1790752272.7644527,0.4016558329000346,0.2792702620888763,False,0.6153711403908365,,22.0,9.25925925925926
39.050400257110596,1790752272.8147013,0.39714587650263866,0.2792702620888763,False,0.6329222458995641,,22.0,9.247027741083222
39.102761030197144,1790752272.867062,0.40884924667093503,0.27934637836688564,False,0.606601372917109,,22.0,9.234828496042216
39.14906096458435,1790752272.913362,0.3906875302228583,0.279422494644895,False,0.6111745484817281,,22.0,9.22266139657444
39.203073024749756,1790752272.967374,0.40186667911537,0.27945342929332795,False,0.6162225577100985,,22.0,9.210526315789473
39.252193450927734,1790752273.0164945,0.3894723079787894,0.27948436394176085,False,0.634186805777903,,22.0,9.198423127463863
39.30459475517273,1790752273.0688958,0.39965540233385066,0.2794910755011851,False,0.6086830511201597,,22.0,9.186351706036746
39.35445022583008,1790752273.1187513,0.39257117058942514,0.27949778706060935,False,0.6224438668130733,,22.0,9.174311926605505
39.40407133102417,1790752273.1683724,0.39204294081968344,0.2795773559431755,False,0.6363650239606679,,22.0,9.162303664921465
39.45680284500122,1790752273.221104,0.4012820087646125,0.27965692482574167,False,0.6442075768424905,,22.0,9.15032679738562
39.507789611816406,1790752273.2720907,0.4033096915778513,0.2796640039566414,False,0.6136551674727428,,22.0,9.138381201044385
39.560426235198975,1790752273.3247273,0.398931800095661,0.2796710830875412,False,0.6122418354918853,,22.0,9.126466753585397
39.61080765724182,1790752273.3751087,0.3905360193738522,0.27968070032817394,False,0.6224624176650233,,22.0,9.114583333333332
39.66420936584473,1790752273.4285104,0.40416182397783573,0.2796903175688066,False,0.6212921485890402,,22.0,9.102730819245773
39.71467661857605,1790752273.4789777,0.40960725531164427,0.27969612050532944,False,0.6443227903991965,,22.0,9.090909090909092
39.767751932144165,1790752273.532053,0.39975697931533866,0.2797019234418523,False,0.6288565304715579,,22.0,9.07911802853437
39.81686496734619,1790752273.581166,0.3966564856125401,0.27972448990525034,False,0.6480145362934141,,22.0,9.067357512953368
39.868976354599,1790752273.6332774,0.39945762488878334,0.2797470563686484,False,0.6071693745759991,,22.0,9.055627425614489
39.91802668571472,1790752273.6823277,0.3948349151691297,0.27976227849781676,False,0.606830682684171,,22.0,9.043927648578812
39.96975922584534,1790752273.7340603,0.38723479651277504,0.27977750062698503,False,0.6209402699004102,,22.0,9.032258064516128
40.01913285255432,1790752273.783434,0.3904600558060964,0.279828290279426,False,0.6441417588934615,,22.0,9.02061855670103
40.06832718849182,1790752273.8326283,0.38932780117163257,0.2798790799318669,False,0.6018573521271614,,22.0,9.00900900900901
40.12187337875366,1790752273.8861744,0.3993848401263831,0.2799205662322335,False,0.6118598607211114,,22.0,8.997429305912597
40.17256045341492,1790752273.9368615,0.404173394212456,0.2799620525326001,False,0.6273975710971667,,22.0,8.985879332477536
40.2268488407135,1790752273.99115,0.38733321404192234,0.2800008750555074,False,0.600033318626406,,22.0,8.974358974358974
40.27909779548645,1790752274.0433989,0.39638034074621953,0.2800396975784148,False,0.6111369162916822,,22.0,8.962868117797695
40.334370374679565,1790752274.0986714,0.403315402209361,0.2800473768066969,False,0.6069533364110985,,22.0,8.951406649616368
40.38446879386902,1790752274.1487699,0.4048759060976981,0.280055056034979,False,0.6123361155555278,,22.0,8.939974457215836
40.436861753463745,1790752274.2011628,0.4147283427320476,0.28009846315032594,False,0.6163652688792653,,22.0,8.928571428571429
40.486618757247925,1790752274.2509198,0.3918328157290996,0.2801418702656729,False,0.6543870632086141,,22.0,8.9171974522293
40.53765296936035,1790752274.301954,0.3965423226085294,0.28018584680475794,False,0.5968294739098646,,22.0,8.9058524173028
40.59120965003967,1790752274.3555107,0.40811605443166643,0.28022982334384305,False,0.6066647142294149,,22.0,8.89453621346887
40.642884969711304,1790752274.407186,0.3994566472303118,0.28023556180151366,False,0.6290740543697874,,22.0,8.883248730964468
40.69584321975708,1790752274.4601443,0.4044662297595763,0.2802413002591843,False,0.6327199727143912,,22.0,8.871989860583017
40.744316816329956,1790752274.5086179,0.4078709004244381,0.2802591757362759,False,0.6265442270270971,,22.0,8.860759493670885
40.79430556297302,1790752274.5586066,0.4089093046554009,0.28027705121336755,False,0.6068862717543575,,22.0,8.849557522123893
40.84661507606506,1790752274.6109161,0.40894624699248955,0.2803380402663453,False,0.6273322254745698,,22.0,8.83838383838384
40.89679455757141,1790752274.6610956,0.4139655196755795,0.2803990293193231,False,0.6455772917667683,,22.0,8.827238335435057
40.95108461380005,1790752274.7153857,0.402691865323925,0.2804243971620664,False,0.6103039486379664,,22.0,8.816120906801007
41.00248312950134,1790752274.7667842,0.4077854903831214,0.28044976500480967,False,0.6107345053945019,,22.0,8.80503144654088
41.05758190155029,1790752274.821883,0.3943141813144332,0.28045514590054965,False,0.5893871826872261,,22.0,8.793969849246231
41.11173629760742,1790752274.8760374,0.39629592312454226,0.28046052679628963,False,0.6058789253804627,,22.0,8.782936010037641
41.166006565093994,1790752274.9303076,0.40846555572495674,0.28048810146416125,False,0.6109189922168977,,22.0,8.771929824561402
41.216437578201294,1790752274.9807386,0.38608625953196074,0.2805156761320329,False,0.6067636180274298,,22.0,8.760951188986233
41.269418716430664,1790752275.0337198,0.40049215757988876,0.28052555660405576,False,0.6058789253804627,,22.0,8.75
41.32017493247986,1790752275.084476,0.3904991698544573,0.2805354370760787,False,0.6060950515869272,,22.0,8.739076154806492
41.37390947341919,1790752275.1382105,0.41317709753875526,0.28054534923291274,False,0.6233058078673586,,22.0,8.728179551122196
41.42788910865784,1790752275.1921902,0.39155758117859324,0.28055526138974674,False,0.6210706032805459,,22.0,8.7173100871731
41.484479904174805,1790752275.248781,0.39686088633849814,0.2805669527647887,False,0.616895497907164,,22.0,8.706467661691542
41.536330461502075,1790752275.3006315,0.4111414823822531,0.28057864413983075,False,0.6107393615771237,,22.0,8.695652173913043
41.591583013534546,1790752275.355884,0.3950714468043889,0.2805796653261663,False,0.6005832003914255,,22.0,8.6848635235732
41.642284870147705,1790752275.406586,0.4046788371821264,0.2805806865125018,False,0.6403839901479167,,22.0,8.674101610904584
41.696061849594116,1790752275.460363,0.4123513462601873,0.2806716984467019,False,0.6171822443277234,,22.0,8.663366336633663
41.74971318244934,1790752275.5140142,0.4213782606832962,0.280762710380902,False,0.6477192537457642,,22.0,8.65265760197775
41.80234503746033,1790752275.566646,0.40447929557213247,0.2808435528770521,False,0.6315780874322038,,22.0,8.641975308641975
41.85253620147705,1790752275.6168373,0.40894624699248955,0.28092439537320224,False,0.5857032045298125,,22.0,8.631319358816276
41.908467531204224,1790752275.6727686,0.4013674537312408,0.28093676436843446,False,0.65263510293981,,22.0,8.620689655172415
41.957597970962524,1790752275.721899,0.4094773676813497,0.2809491333636667,False,0.5909533138151971,,22.0,8.61008610086101
42.01155066490173,1790752275.7758517,0.41055949831068833,0.2810540669615538,False,0.6322511194220324,,22.0,8.5995085995086
42.062095165252686,1790752275.8263962,0.4041055869085455,0.28115900055944093,False,0.6132000190179467,,22.0,8.588957055214724
42.1166250705719,1790752275.8809261,0.3947875505606937,0.28117601583409385,False,0.6080839416609695,,22.0,8.57843137254902
42.16689395904541,1790752275.931195,0.40838025461318883,0.28119303110874677,False,0.6184130797795815,,22.0,8.567931456548347
42.219348669052124,1790752275.9836497,0.41714821610420205,0.28121213464582917,False,0.6045774978559959,,22.0,8.557457212713937
42.26981210708618,1790752276.0341132,0.39700086269981805,0.28123123818291157,False,0.6222450059448202,,22.0,8.547008547008547
42.32206392288208,1790752276.086365,0.40084280956559715,0.2812491834055792,False,0.6475386534143497,,22.0,8.536585365853659
42.37255382537842,1790752276.136855,0.41308655596116034,0.2812671286282469,False,0.6389389069098579,,22.0,8.526187576126674
42.42445969581604,1790752276.1887608,0.41684392210246934,0.2812746687165252,False,0.6275422024008905,,22.0,8.51581508515815
42.476954221725464,1790752276.2412553,0.42511002118397534,0.28128220880480354,False,0.6597080441964254,,22.0,8.50546780072904
42.52839660644531,1790752276.2926977,0.3987508989471322,0.2812868394234034,False,0.6172096082410713,,22.0,8.495145631067961
42.578734397888184,1790752276.3430355,0.4139858109383022,0.2812914700420032,False,0.6611902563567967,,22.0,8.484848484848486
42.63298583030701,1790752276.397287,0.40894624699248955,0.28129438762682063,False,0.6200171471246485,,22.0,8.47457627118644
42.68372321128845,1790752276.4480243,0.420967474093931,0.28129730521163804,False,0.6285223299916377,,22.0,8.464328899637243
42.73698568344116,1790752276.5012867,0.3999507628551969,0.2813760411959826,False,0.6376402161995411,,22.0,8.454106280193237
42.78577208518982,1790752276.5500731,0.40835518376394603,0.2814547771803272,False,0.6119269253778525,,22.0,8.443908323281061
42.83438229560852,1790752276.5986834,0.4066953371117027,0.28145657455042156,False,0.608976791546813,,22.0,8.433734939759036
42.88590383529663,1790752276.650205,0.38995408309023255,0.2814583719205159,False,0.6322480863745847,,22.0,8.42358604091456
42.937734603881836,1790752276.7020357,0.39123056413072055,0.28146099261591706,False,0.6224656054443899,,22.0,8.413461538461538
42.9925742149353,1790752276.7568753,0.4056590804203024,0.2814636133113182,False,0.6391837797732005,,22.0,8.403361344537815
43.043850898742676,1790752276.808152,0.41206387710897496,0.28151519006240766,False,0.6071605967401758,,22.0,8.393285371702639
43.10318446159363,1790752276.8674855,0.4027480388264495,0.2815667668134971,False,0.6429162315378198,,22.0,8.383233532934131
43.15464949607849,1790752276.9189506,0.4001564197993717,0.2815908056242494,False,0.6212274388672715,,22.0,8.373205741626794
43.20845150947571,1790752276.9727526,0.4077247728255923,0.2816148444350016,False,0.6223457855569051,,22.0,8.363201911589007
43.26228475570679,1790752277.0265858,0.40777785305441017,0.2816233396951907,False,0.6120511326003871,,22.0,8.353221957040573
43.315351247787476,1790752277.0796523,0.39871256483328765,0.2816318349553799,False,0.6338402592066934,,22.0,8.34326579261025
43.371297121047974,1790752277.1355982,0.39578695604497405,0.28167983838278166,False,0.6166692615944531,,22.0,8.333333333333332
43.423338651657104,1790752277.1876397,0.4064334975303729,0.2817278418101834,False,0.6120825924180828,,22.0,8.323424494649228
43.477394819259644,1790752277.241696,0.3983274448044175,0.2817410176267386,False,0.6185750771475702,,22.0,8.31353919239905
43.5284538269043,1790752277.292755,0.39697001360250994,0.2817541934432938,False,0.6073043375105593,,22.0,8.30367734282325
43.58529305458069,1790752277.349594,0.39435741971189914,0.28177512964247015,False,0.6173413336820128,,22.0,8.293838862559241
43.63723373413086,1790752277.4015348,0.38860436580924,0.2817960658416465,False,0.6249913965338558,,22.0,8.284023668639055
43.69237947463989,1790752277.4566805,0.4186601089858057,0.28182377608235165,False,0.6370217148249052,,22.0,8.274231678486997
43.74544811248779,1790752277.5097492,0.4005602742940113,0.2818514863230568,False,0.6229196790601631,,22.0,8.264462809917356
43.800031661987305,1790752277.5643327,0.39999161662948096,0.28186843674803747,False,0.6308243196839968,,22.0,8.254716981132075
43.85172724723816,1790752277.6160283,0.4024994513826619,0.28188538717301814,False,0.6145802447024791,,22.0,8.244994110718492
43.9063675403595,1790752277.6706686,0.4349675072352641,0.281923256216428,False,0.6227869846659414,,22.0,8.235294117647058
43.95792365074158,1790752277.7222247,0.41742946212964704,0.2819611252598378,False,0.6510453186887405,,22.0,8.225616921269095
44.01315689086914,1790752277.777458,0.4251139579126547,0.28198036682121985,False,0.5107883061509273,,22.0,8.215962441314554
44.06442904472351,1790752277.82873,0.40736905421883535,0.28199960838260185,False,0.6277892458233392,,22.0,8.206330597889801
44.11854124069214,1790752277.8828423,0.3953705252200674,0.2820233627052795,False,0.6200823100763978,,22.0,8.19672131147541
44.17038440704346,1790752277.9346855,0.4033256948744154,0.28204711702795715,False,0.6190462110014844,,22.0,8.187134502923977
44.22315812110901,1790752277.9874592,0.40941817766212485,0.282050283861058,False,0.619219458620382,,22.0,8.177570093457943
44.278550148010254,1790752278.0428512,0.39543176256257284,0.2820534506941588,False,0.6113261446943774,,22.0,8.168028004667445
44.336520195007324,1790752278.1008213,0.40462612758316396,0.28205559149448933,False,0.6125288621899168,,22.0,8.158508158508159
44.38820028305054,1790752278.1525013,0.40392213335393773,0.28205773229481984,False,0.6077283534627664,,22.0,8.149010477299184
44.444836378097534,1790752278.2091374,0.4051717124534794,0.28209213769148406,False,0.6177235214094082,,22.0,8.13953488372093
44.497551679611206,1790752278.2618527,0.39198388025025627,0.2821265430881482,False,0.6292067902203222,,22.0,8.130081300813007
44.5516357421875,1790752278.3159368,0.40266306055384077,0.2821502110670281,False,0.6044711615748609,,22.0,8.120649651972158
44.60678696632385,1790752278.371088,0.3985046749971468,0.2821738790459079,False,0.625372128447121,,22.0,8.111239860950175
44.66206765174866,1790752278.4263687,0.40317281174883157,0.2822656554249808,False,0.6294636022957607,,22.0,8.101851851851851
44.71600699424744,1790752278.480308,0.41354513859514214,0.2823574318040536,False,0.613785593652212,,22.0,8.092485549132949
44.77113342285156,1790752278.5354345,0.40554744274141236,0.28238949787798695,False,0.6305257542310798,,22.0,8.083140877598153
44.822359561920166,1790752278.5866606,0.38333784916543034,0.28242156395192025,False,0.5975808841168707,,22.0,8.073817762399077
44.87562036514282,1790752278.6399214,0.4005099847764342,0.28242163190046105,False,0.6090725666791964,,22.0,8.064516129032258
44.92499828338623,1790752278.6892993,0.4139300933016828,0.28242169984900184,False,0.6343596595266504,,22.0,8.05523590333717
44.97997045516968,1790752278.7442715,0.3988362840939165,0.28245389279753036,False,0.614977200281162,,22.0,8.045977011494253
45.032803535461426,1790752278.7971046,0.4108591159880044,0.2824860857460589,False,0.6045640533432676,,22.0,8.036739380022963
45.08688235282898,1790752278.8511834,0.38335551910789134,0.2825027162583724,False,0.618938662009607,,22.0,8.027522935779817
45.13848519325256,1790752278.9027863,0.26262139377699667,0.2824860857460589,True,0.6213453779017148,,22.0,8.132875143184421
45.191577196121216,1790752278.9558783,0.21977784151105406,0.28245389279753036,True,0.6497495596091605,,22.0,8.237986270022883
45.24379777908325,1790752279.0080988,0.24970753948039282,0.28242169984900184,True,0.6877532332588534,,22.0,8.342857142857143
45.29478621482849,1790752279.0590873,0.33231380992901094,0.28242163190046105,False,0.651852981791864,156.30102157592773,23.0,8.333333333333332
45.349122524261475,1790752279.1134236,0.35877690122230077,0.28242156395192025,False,0.6412143011180129,,23.0,8.323831242873432
45.39799761772156,1790752279.1622987,0.37924799827625744,0.28242163190046105,False,0.6303922209204884,,23.0,8.314350797266515
45.44929480552673,1790752279.2135959,0.3781480325061578,0.28242169984900184,False,0.6125333521307604,,23.0,8.304891922639362
45.49856090545654,1790752279.262862,0.38320219007029244,0.28245389279753036,False,0.6074006552689293,,23.0,8.295454545454547
45.55320644378662,1790752279.3175075,0.3846701248776662,0.2824860857460589,False,0.6078137201387809,,23.0,8.286038592508513
45.60297417640686,1790752279.3672752,0.3963637839198328,0.2825027162583724,False,0.5551746481847846,,23.0,8.276643990929704
45.65691304206848,1790752279.421214,0.3799511955634601,0.282519346770686,False,0.5937373921002512,,23.0,8.267270668176671
45.7073392868042,1790752279.4716403,0.3983008807782634,0.2825294573956121,False,0.5983353455368607,,23.0,8.257918552036198
45.76178240776062,1790752279.5260835,0.40024382514456003,0.28253956802053815,False,0.6008719903594479,,23.0,8.248587570621469
45.81179213523865,1790752279.5760932,0.3988819386382407,0.28256388082622264,False,0.6167969098233912,,23.0,8.239277652370202
45.8611900806427,1790752279.6254911,0.3855918713914759,0.2825881936319071,False,0.6018057854455454,,23.0,8.229988726042842
45.915536642074585,1790752279.6798377,0.39090129254046097,0.28259113497001276,False,0.6652925297233129,,23.0,8.220720720720722
45.96534204483032,1790752279.729643,0.3954005037597172,0.2825940763081184,False,0.6532207645006104,,23.0,8.211473565804274
46.01819133758545,1790752279.7824924,0.40205697093566345,0.28262464102098755,False,0.7164208038794979,,23.0,8.202247191011235
46.073760747909546,1790752279.8380618,0.398970553967825,0.28265520573385666,False,0.7114678302318046,,23.0,8.19304152637486
46.12370991706848,1790752279.888011,0.3927211086025143,0.28269144241050037,False,0.6944534013385654,,23.0,8.183856502242152
46.177205085754395,1790752279.9415061,0.4032705909604555,0.2827276790871442,False,0.6981099429639159,,23.0,8.174692049272117
46.230674743652344,1790752279.9949758,0.3863932741932131,0.28273088339201674,False,0.709089354383311,,23.0,8.165548098434003
46.28421211242676,1790752280.0485132,0.4034072260525033,0.28273408769688924,False,0.6928472226844666,,23.0,8.156424581005586
46.33586096763611,1790752280.100162,0.3771094662088827,0.28274924651062744,False,0.6909549212652818,,23.0,8.147321428571429
46.3904287815094,1790752280.1547298,0.3999214667365174,0.2827644053243656,False,0.6651626809017901,,23.0,8.138238573021182
46.4412477016449,1790752280.2055488,0.39926180471530703,0.2827791283288398,False,0.6756903693333686,,23.0,8.129175946547884
46.49650454521179,1790752280.2608056,0.39467522588285164,0.2827938513333139,False,0.6278872791757036,,23.0,8.120133481646272
46.550987005233765,1790752280.315288,0.3909390319090959,0.28279747528559185,False,0.6366290611868181,,23.0,8.11111111111111
46.60900545120239,1790752280.3733065,0.393403502722834,0.2828010992378698,False,0.6079527244050602,,23.0,8.102108768035517
46.65892720222473,1790752280.4232283,0.40439630335696863,0.2828165994472659,False,0.6379839294550176,,23.0,8.093126385809313
46.716402769088745,1790752280.4807038,0.3780302604513883,0.282832099656662,False,0.6302009232418586,,23.0,8.084163898117387
46.76666617393494,1790752280.5309672,0.4034971963081241,0.2828510929966768,False,0.6319644525299832,,23.0,8.075221238938052
46.818371534347534,1790752280.5826726,0.38367871487073535,0.2828700863366916,False,0.6064039156263651,,23.0,8.066298342541437
46.87158393859863,1790752280.635885,0.3961686395655868,0.2829720547303018,False,0.6366290611868181,,23.0,8.057395143487858
46.92372465133667,1790752280.6880257,0.3945140697543096,0.28307402312391206,False,0.6653964501957699,,23.0,8.04851157662624
46.97471785545349,1790752280.739019,0.4095706865037105,0.2830912326207934,False,0.6280316003815244,,23.0,8.039647577092511
47.027259349823,1790752280.7915604,0.39598623680228506,0.28310844211767483,False,0.6433750854248428,,23.0,8.030803080308031
47.079689264297485,1790752280.8439903,0.3903928545323332,0.2831836968833343,False,0.6218774142642269,,23.0,8.021978021978022
47.13494062423706,1790752280.8992417,0.39501136738506804,0.28325895164899373,False,0.6346996289913244,,23.0,8.01317233809001
47.19016170501709,1790752280.9544628,0.40507295865845916,0.2832599501907578,False,0.6501131262272949,,23.0,8.00438596491228
47.243735551834106,1790752281.0080366,0.3851625225921159,0.28326094873252183,False,0.6430197442022949,,23.0,7.995618838992333
47.29473328590393,1790752281.0590343,0.3865606422073631,0.2832697418692153,False,0.6601159080931753,,23.0,7.986870897155361
47.35078144073486,1790752281.1150825,0.399044689931725,0.2832785350059087,False,0.652731611096771,,23.0,7.978142076502732
47.402061462402344,1790752281.1663625,0.4038564252070672,0.28330389582524484,False,0.6476504910777144,,23.0,7.969432314410481
47.45468807220459,1790752281.2189891,0.38586175718034144,0.283329256644581,False,0.6265677297450485,,23.0,7.960741548527809
47.504244804382324,1790752281.2685459,0.4035684201042571,0.283343131466559,False,0.6317647865538772,,23.0,7.952069716775599
47.55695939064026,1790752281.3212605,0.3827638000770804,0.283357006288537,False,0.629143941452737,,23.0,7.94341675734494
47.60871767997742,1790752281.3730187,0.4055041705708614,0.28338494114056234,False,0.6605365782032323,,23.0,7.934782608695652
47.66310906410217,1790752281.4274101,0.39591850181625576,0.2834128759925877,False,0.6278872791757036,,23.0,7.926167209554831
47.71424221992493,1790752281.4785433,0.39946630505025504,0.2834677856655645,False,0.6461112499363755,,23.0,7.917570498915401
47.76834678649902,1790752281.5326478,0.38971490841730283,0.28352269533854124,False,0.6478555254924491,,23.0,7.90899241603467
47.82305979728699,1790752281.5873609,0.38653239776989023,0.2835668598590798,False,0.6288550347398741,,23.0,7.900432900432901
47.87840294837952,1790752281.642704,0.3957565618592086,0.2836110243796184,False,0.6484113353756842,,23.0,7.891891891891892
47.93178176879883,1790752281.6960828,0.38201127611970576,0.2836242808566934,False,0.6194227445364081,,23.0,7.883369330453564
47.98452687263489,1790752281.748828,0.40080587593231454,0.2836375373337684,False,0.6346045505566226,,23.0,7.874865156418555
48.03768539428711,1790752281.8019865,0.39711114587977026,0.2836548282519483,False,0.637923212122367,,23.0,7.866379310344827
48.09278726577759,1790752281.8570883,0.38616523908913325,0.28367211917012825,False,0.6397572645868852,,23.0,7.857911733046287
48.14371371269226,1790752281.9080148,0.3977221486277124,0.2837021748918725,False,0.6564565031092328,,23.0,7.849462365591398
48.198421239852905,1790752281.9627223,0.40427668535494826,0.28373223061361674,False,0.6496896332306459,,23.0,7.841031149301826
48.249319314956665,1790752282.0136204,0.40074308883288945,0.2837353940433797,False,0.6277892458233392,,23.0,7.832618025751073
48.30941867828369,1790752282.0737197,0.3953994750579931,0.2837385574731427,False,0.6430241907879968,,23.0,7.82422293676313
48.36431312561035,1790752282.1286142,0.3912757488075743,0.28375451398645446,False,0.6393507644899351,,23.0,7.815845824411134
48.41730332374573,1790752282.1816044,0.3913831567862817,0.2837704704997662,False,0.6409668594151511,,23.0,7.807486631016043
48.471051931381226,1790752282.235353,0.41295063885674044,0.283803474540162,False,0.6460681074051389,,23.0,7.799145299145299
48.52419948577881,1790752282.2885005,0.39541434143457393,0.28383647858055777,False,0.6431246031755835,,23.0,7.790821771611527
48.573939085006714,1790752282.3382401,0.40948604612297645,0.2838519024903998,False,0.6497104203473113,,23.0,7.782515991471215
48.62668967247009,1790752282.3909907,0.4002725184950656,0.2838673264002419,False,0.6124954245874284,,23.0,7.77422790202343
48.676973819732666,1790752282.441275,0.4099715667810658,0.28386889185617953,False,0.6187443020788953,,23.0,7.76595744680851
48.72661471366882,1790752282.4909158,0.39376749654644805,0.28387045731211713,False,0.6754017321093173,,23.0,7.7577045696068
48.780863761901855,1790752282.5451648,0.3958728443042536,0.28388948655804347,False,0.6444924672698558,,23.0,7.749469214437367
48.831026792526245,1790752282.5953279,0.39936266264082887,0.2839085158039698,False,0.6235388985630589,,23.0,7.741251325556734
48.88835287094116,1790752282.652654,0.40828052597699593,0.28394645473159,False,0.6565917603020772,,23.0,7.733050847457627
48.94307470321655,1790752282.7073758,0.40878473330957377,0.2839843936592102,False,0.6666425322020288,,23.0,7.724867724867725
48.99329733848572,1790752282.7575984,0.3946817073858909,0.28400602036149303,False,0.64589299746632,,23.0,7.716701902748414
49.0463764667511,1790752282.8106775,0.3990950583220819,0.28402764706377587,False,0.6597765305263674,,23.0,7.708553326293559
49.097864627838135,1790752282.8621657,0.4046485774034338,0.2840847241096283,False,0.6494780314573276,,23.0,7.700421940928271
49.142709255218506,1790752282.9070103,0.39720095955015705,0.2841418011554808,False,0.6401653787694013,,23.0,7.6923076923076925
49.196613073349,1790752282.9609141,0.40249404901316765,0.2841946388335709,False,0.6430241907879968,,23.0,7.684210526315789
49.247461557388306,1790752283.0117626,0.422180909256891,0.28424747651166093,False,0.6562323232687753,,23.0,7.676130389064142
49.29682493209839,1790752283.061126,0.4058883084467173,0.28425075258481397,False,0.6109523636600375,,23.0,7.668067226890757
49.34892296791077,1790752283.113224,0.40297945915042976,0.284254028657967,False,0.6389436211046695,,23.0,7.660020986358866
49.39892387390137,1790752283.163225,0.41107771322991216,0.2842793171048417,False,0.6564102363324397,,23.0,7.651991614255765
49.45153045654297,1790752283.2158315,0.40736905421883535,0.2843046055517165,False,0.6325421980081505,,23.0,7.643979057591623
49.50271201133728,1790752283.267013,0.4127704770847698,0.28433365446912073,False,0.6212274388672715,,23.0,7.635983263598327
49.559401750564575,1790752283.3237028,0.40866532695329416,0.284362703386525,False,0.6354211161271915,,23.0,7.628004179728317
49.612141370773315,1790752283.3764424,0.42682110462207995,0.28439904219065815,False,0.654862393705043,,23.0,7.620041753653445
49.66541147232056,1790752283.4297125,0.41683598367160346,0.28443538099479126,False,0.6546885379678604,,23.0,7.6120959332638165
49.72304368019104,1790752283.4873447,0.4090101635943849,0.28443568985099216,False,0.6649232685303655,,23.0,7.604166666666666
49.782925844192505,1790752283.547227,0.3942556205967832,0.28443599870719305,False,0.6275652573540305,,23.0,7.596253902185223
49.83857607841492,1790752283.6028771,0.39528007542792953,0.2844381528140556,False,0.63367085529167,,23.0,7.588357588357589
49.89583992958069,1790752283.660141,0.4010891215156206,0.2844403069209182,False,0.6599520595956977,,23.0,7.580477673935618
49.946736574172974,1790752283.7110376,0.4055883327348768,0.28445338058180547,False,0.6649275507070076,,23.0,7.572614107883817
50.00168418884277,1790752283.7659853,0.401033248461518,0.2844664542426927,False,0.6429162315378198,,23.0,7.564766839378239
50.05181121826172,1790752283.8161123,0.40311224031148607,0.2844836444339931,False,0.6464600659486135,,23.0,7.556935817805383
50.10753798484802,1790752283.871839,0.39136423954769406,0.2845008346252935,False,0.65150292581941,,23.0,7.549120992761117
50.157013177871704,1790752283.9213142,0.39575157513687464,0.28452281431834403,False,0.6350620637113887,,23.0,7.541322314049586
50.211960315704346,1790752283.9762614,0.40378038154746027,0.2845447940113946,False,0.6388196920344705,,23.0,7.533539731682147
50.26324963569641,1790752284.0275507,0.40906153818669966,0.28459042442106536,False,0.6430197442022949,,23.0,7.525773195876289
50.316476821899414,1790752284.080778,0.4039484335644098,0.28463605483073606,False,0.6430197442022949,,23.0,7.518022657054583
50.36759901046753,1790752284.1319,0.4091559291185176,0.28464693107990474,False,0.6515644799319119,,23.0,7.510288065843622
50.4208619594574,1790752284.185163,0.3995952392000429,0.2846578073290734,False,0.644267282635907,,23.0,7.50256937307297
50.47202944755554,1790752284.2363305,0.4136228581263753,0.28467903652484916,False,0.6649232685303655,,23.0,7.494866529774128
50.52457904815674,1790752284.28888,0.4068318248964581,0.2847002657206249,False,0.6340241352452074,,23.0,7.487179487179488
50.57472825050354,1790752284.3390293,0.40559439449239865,0.2847020414586333,False,0.6651041254640058,,23.0,7.479508196721311
50.6277072429657,1790752284.3920083,0.4015814484029213,0.28470381719664184,False,0.637920177181434,,23.0,7.471852610030706
50.677629709243774,1790752284.4419308,0.4099715667810658,0.2847223982727207,False,0.6340241352452074,,23.0,7.464212678936605
50.73175501823425,1790752284.496056,0.41309136985563044,0.2847409793487996,False,0.6702561735741261,,23.0,7.456588355464761
50.7821683883667,1790752284.5464694,0.41243761515803035,0.28474508884605493,False,0.6704289616739463,,23.0,7.448979591836736
50.836543560028076,1790752284.6008446,0.38546439557226064,0.2847491983433102,False,0.6772321787195839,,23.0,7.44138634046891
50.88787055015564,1790752284.6521716,0.39848040723008804,0.284799636374676,False,0.6587123779148033,,23.0,7.433808553971486
50.94544863700867,1790752284.7097497,0.3992752608550474,0.2848500744060418,False,0.6619118516736148,,23.0,7.426246185147507
50.997174978256226,1790752284.761476,0.4000818161381918,0.2848511609964497,False,0.6444969596772668,,23.0,7.41869918699187
51.051734924316406,1790752284.816036,0.38570100324917744,0.28485224758685757,False,0.6215456337683299,,23.0,7.411167512690356
51.106443881988525,1790752284.870745,0.38199254780192093,0.2848750270620186,False,0.6392407030376205,,23.0,7.403651115618662
51.161280155181885,1790752284.9255812,0.39910098754119727,0.28489780653717967,False,0.6396441662605067,,23.0,7.3961499493414395
51.21354842185974,1790752284.9778495,0.3825770627285393,0.28493060160488737,False,0.6416385079457316,,23.0,7.388663967611336
51.26969814300537,1790752285.0339992,0.3496887035077623,0.28489780653717967,False,0.643318685006653,,23.0,7.381193124368049
51.322614669799805,1790752285.0869157,0.27129249161553626,0.2848750270620186,True,0.6584741634578857,,23.0,7.474747474747474
51.37735986709595,1790752285.141661,0.3131798181942531,0.28485224758685757,False,0.6447960591193072,54.74519729614258,24.0,7.467204843592332
51.429272413253784,1790752285.1935735,0.354579218037118,0.2848511609964497,False,0.6481153392492787,,24.0,7.459677419354839
51.4841206073761,1790752285.2484217,0.37797511023743846,0.2848500744060418,False,0.6564147755155639,,24.0,7.452165156092648
51.53711199760437,1790752285.301413,0.3688936022978293,0.284799636374676,False,0.6303879395106786,,24.0,7.44466800804829
51.59081220626831,1790752285.3551133,0.3865797725854734,0.2848500744060418,False,0.6238024000118845,,24.0,7.4371859296482405
51.64444446563721,1790752285.4087455,0.39821027267804754,0.2848511609964497,False,0.639956997952844,,24.0,7.429718875502007
51.701815366744995,1790752285.4661164,0.38971490841730283,0.28485224758685757,False,0.6500531998487803,,24.0,7.422266800401204
51.75383806228638,1790752285.5181391,0.384773604674554,0.2848750270620186,False,0.6293498718286991,,24.0,7.414829659318638
51.81054711341858,1790752285.5748482,0.3933342087995042,0.28489780653717967,False,0.6382139952595438,,24.0,7.4074074074074066
51.86098885536194,1790752285.62529,0.4118398460805123,0.28493060160488737,False,0.6500531998487803,,24.0,7.3999999999999995
51.91538381576538,1790752285.6796849,0.3902152352799778,0.28496339667259507,False,0.6565215935752631,,24.0,7.392607392607392
51.96847605705261,1790752285.732777,0.38511857198891625,0.28496339667259507,False,0.6451989776653058,,24.0,7.385229540918163
52.02107095718384,1790752285.785372,0.3815376810931018,0.28496339667259507,False,0.6444813582304738,,24.0,7.377866400797608
52.072187185287476,1790752285.8364882,0.3840001432909118,0.2849736949259303,False,0.6446008929123737,,24.0,7.370517928286853
52.126665353775024,1790752285.8909664,0.38584485117685097,0.28498399317926554,False,0.6549377790648226,,24.0,7.36318407960199
52.18264555931091,1790752285.9469466,0.39444271235805484,0.28498491670531545,False,0.6217855780146929,,24.0,7.3558648111332
52.240020751953125,1790752286.0043218,0.3934748601190887,0.2849858402313654,False,0.654902978045692,,24.0,7.348560079443893
52.29626703262329,1790752286.060568,0.39968095328668707,0.2850458317841062,False,0.6542609487201841,,24.0,7.341269841269842
52.34892439842224,1790752286.1132255,0.39828121050339016,0.285105823336847,False,0.6536446298531615,,24.0,7.333994053518335
52.40310072898865,1790752286.1674018,0.407732760006801,0.28510931023517117,False,0.6536567215985937,,24.0,7.326732673267326
52.45513105392456,1790752286.219432,0.40704037350521227,0.28511279713349535,False,0.6449004858185177,,24.0,7.319485657764589
52.507302045822144,1790752286.271603,0.40864721078245797,0.2851292105085334,False,0.6497540527326262,,24.0,7.312252964426877
52.55923342704773,1790752286.3235345,0.4134138262463408,0.28514562388357145,False,0.65655721118514,,24.0,7.305034550839092
52.61267304420471,1790752286.376974,0.41217434908968487,0.2851832831511511,False,0.6739471760105649,,24.0,7.297830374753452
52.668285608291626,1790752286.4325867,0.4250104947627753,0.28522094241873075,False,0.65655721118514,,24.0,7.29064039408867
52.72011399269104,1790752286.484415,0.4041202057779413,0.28522094241873075,False,0.6215172246945434,,24.0,7.283464566929133
52.77465891838074,1790752286.53896,0.43012158527682015,0.28522094241873075,False,0.6600557725877167,,24.0,7.27630285152409
52.825928688049316,1790752286.5902297,0.4366374912354025,0.2852411786588267,False,0.6701948305542306,,24.0,7.269155206286837
52.87931728363037,1790752286.6436183,0.41318956104419635,0.2852614148989227,False,0.6383648193384679,,24.0,7.262021589793916
52.927518367767334,1790752286.6918194,0.41087224643736514,0.2852944471425612,False,0.6500877431545863,,24.0,7.254901960784315
52.97947978973389,1790752286.7437809,0.4123408302969893,0.28532747938619973,False,0.6737782444567147,,24.0,7.247796278158668
53.027588844299316,1790752286.79189,0.3915127848783482,0.28538941188845257,False,0.6366290611868181,,24.0,7.240704500978473
53.07940483093262,1790752286.843706,0.4273111574800369,0.2854513443907054,False,0.6552301659272423,,24.0,7.233626588465299
53.12773156166077,1790752286.8920326,0.40689681407857786,0.2854569358286075,False,0.6776655844287435,,24.0,7.2265625
53.18054175376892,1790752286.9448428,0.4044459903052333,0.28546252726650956,False,0.6535483951776097,,24.0,7.2195121951219505
53.236533403396606,1790752287.0008345,0.41376447025218877,0.285468620894058,False,0.6618577795387419,,24.0,7.212475633528265
53.2885684967041,1790752287.0528696,0.4091444047402723,0.28547471452160633,False,0.6483574658641298,,24.0,7.205452775073027
53.3411922454834,1790752287.1054933,0.43573720080529466,0.2854762471031681,False,0.668798454877327,,24.0,7.198443579766536
53.39448928833008,1790752287.1587903,0.4000818161381918,0.2854777796847299,False,0.6357606146570073,,24.0,7.191448007774539
53.44519090652466,1790752287.209492,0.4044459903052333,0.2855284847386311,False,0.6603452215246881,,24.0,7.184466019417475
53.499263048172,1790752287.263564,0.41409262190679347,0.2855791897925322,False,0.6500531998487803,,24.0,7.177497575169737
53.55035448074341,1790752287.3146555,0.39989311485929846,0.285599776161657,False,0.6573793353282219,,24.0,7.170542635658915
53.60754656791687,1790752287.3718476,0.4165218967938089,0.2856203625307817,False,0.6294103182761325,,24.0,7.163601161665054
53.66017198562622,1790752287.424473,0.4189248398619519,0.28564458958048455,False,0.6618247224837378,,24.0,7.156673114119923
53.713507413864136,1790752287.4778085,0.40330091414640945,0.2856688166301874,False,0.628190398393176,,24.0,7.149758454106281
53.764171838760376,1790752287.528473,0.4032550684377338,0.2856761570628751,False,0.6421159622753857,,24.0,7.142857142857142
53.815343379974365,1790752287.5796444,0.3966829772415279,0.28568349749556277,False,0.6652101378641366,,24.0,7.135969141755062
53.8652777671814,1790752287.6295788,0.43005006192862083,0.28568349749556277,False,0.6587123779148033,,24.0,7.129094412331407
53.917155027389526,1790752287.681456,0.40846014286014876,0.28568349749556277,False,0.6396781488260765,,24.0,7.122232916265641
53.96672534942627,1790752287.7310264,0.3872451736171938,0.28572475656362895,False,0.6470091523834901,,24.0,7.115384615384615
54.01820135116577,1790752287.7825024,0.4164059799516686,0.2857660156316951,False,0.6521500485886385,,24.0,7.108549471661864
54.069395780563354,1790752287.8336968,0.4019270286184258,0.2857702305135982,False,0.6434541947550496,,24.0,7.1017274472168905
54.12110090255737,1790752287.885402,0.4164640144064071,0.28577444539550123,False,0.6929599693787148,,24.0,7.094918504314478
54.173301219940186,1790752287.9376023,0.4175817420984662,0.28577961996022994,False,0.6481790915228622,,24.0,7.088122605363985
54.227163553237915,1790752287.9914646,0.3958193489586337,0.2857847945249586,False,0.6449601873698539,,24.0,7.081339712918661
54.27846646308899,1790752288.0427675,0.40472930802532636,0.2857871089153692,False,0.654906847274651,,24.0,7.0745697896749515
54.332825660705566,1790752288.0971267,0.4181044301133453,0.28578942330577983,False,0.6190462110014844,,24.0,7.067812798471825
54.3839545249939,1790752288.1482556,0.40843368470459196,0.2858141358256812,False,0.6721426472878631,,24.0,7.061068702290077
54.438868284225464,1790752288.2031693,0.40403072339918267,0.2858388483455826,False,0.6342983067291569,,24.0,7.0543374642516685
54.48866271972656,1790752288.2529638,0.40900593856320266,0.28587164353309436,False,0.6412143011180129,,24.0,7.0476190476190474
54.54301595687866,1790752288.307317,0.4037045286659504,0.28590443872060606,False,0.6533807363830484,,24.0,7.040913415794481
54.592045307159424,1790752288.3563464,0.41587083382710455,0.28594431665927955,False,0.672134333599103,,24.0,7.0342205323193925
54.64504027366638,1790752288.4093413,0.4161757990888305,0.285984194597953,False,0.6431201558955185,,24.0,7.027540360873694
54.69438052177429,1790752288.4586816,0.420925846223141,0.2859980689357175,False,0.6651626809017901,,24.0,7.020872865275142
54.7476806640625,1790752288.5119817,0.41662552808932296,0.286011943273482,False,0.6466208787641632,,24.0,7.0142180094786735
54.797751903533936,1790752288.562053,0.41692492046473234,0.2860306044619609,False,0.6415767332694142,,24.0,7.007575757575757
54.85245728492737,1790752288.6167583,0.4094625759135281,0.28604926565043975,False,0.6635812514010906,,24.0,7.000946073793755
54.90307831764221,1790752288.6673794,0.4170055517802498,0.2860745938158139,False,0.6389910090500774,,24.0,6.994328922495274
54.95511317253113,1790752288.7194142,0.4330141334069027,0.28609992198118805,False,0.6583201887008095,,24.0,6.987724268177526
55.006258964538574,1790752288.77056,0.40552787968705134,0.2861265914005072,False,0.651207572095105,,24.0,6.981132075471698
55.06098914146423,1790752288.8252902,0.4115175398230561,0.2861532608198264,False,0.6364685516275477,,24.0,6.974552309142319
55.11490535736084,1790752288.8792064,0.42306154059879947,0.2862028738231938,False,0.6519596380544368,,24.0,6.96798493408663
55.169079542160034,1790752288.9333806,0.40513286074294175,0.2862524868265613,False,0.6415714040084567,,24.0,6.9614299153339605
55.217857360839844,1790752288.9821584,0.4001895968641519,0.2862771676470228,False,0.658142164232951,,24.0,6.954887218045112
55.27225136756897,1790752289.0365524,0.4172702964771122,0.28630184846748435,False,0.6536077101264582,,24.0,6.948356807511737
55.32378673553467,1790752289.0880878,0.4122941208953965,0.28631919243219356,False,0.6700754441867731,,24.0,6.941838649155723
55.378700256347656,1790752289.1430013,0.4102301805712395,0.2863365363969028,False,0.6546885379678603,,24.0,6.935332708528586
55.42760515213013,1790752289.1919062,0.4057388165668301,0.28636367316164446,False,0.6750507902120906,,24.0,6.928838951310862
55.481467485427856,1790752289.2457685,0.41963944228694317,0.2863908099263861,False,0.6494780314573276,,24.0,6.922357343311505
55.53178000450134,1790752289.296081,0.40334543688135704,0.28639534342289885,False,0.6429162315378198,,24.0,6.915887850467289
55.58512997627258,1790752289.349431,0.41284087701614613,0.2863998769194116,False,0.6365903670889795,,24.0,6.909430438842204
55.63654041290283,1790752289.4008415,0.417913648413377,0.28641330033290274,False,0.6367208677661844,,24.0,6.902985074626866
55.69105887413025,1790752289.45536,0.41481901280427824,0.2864267237463939,False,0.6532192100351798,,24.0,6.896551724137931
55.74183416366577,1790752289.5061352,0.40469738657921783,0.2864605672989173,False,0.6341925034493717,,24.0,6.890130353817504
55.7938916683197,1790752289.5581927,0.404247803049819,0.2864944108514407,False,0.63793625673215,,24.0,6.883720930232558
55.844122886657715,1790752289.608424,0.40909991431692216,0.28650143397061,False,0.6445026573487357,,24.0,6.877323420074349
55.898460149765015,1790752289.6627612,0.41360717910554523,0.28650845708977934,False,0.6497540527326262,,24.0,6.8709377901578454
55.95161247253418,1790752289.7159135,0.4177569437901388,0.2865529667166158,False,0.6517178300423337,,24.0,6.8645640074211505
56.005898237228394,1790752289.7701993,0.39600671459530773,0.28659747634345223,False,0.6773423843852621,,24.0,6.85820203892493
56.058959007263184,1790752289.82326,0.41359272213819764,0.2866026927158021,False,0.6342585636680267,,24.0,6.851851851851852
56.11365556716919,1790752289.8779566,0.41007302565611614,0.2866079090881519,False,0.6411099736013447,,24.0,6.845513413506013
56.16469120979309,1790752289.9289923,0.4081625030189097,0.28662786695749676,False,0.6378594598487834,,24.0,6.839186691312385
56.21700596809387,1790752289.981307,0.4170827013172548,0.28664782482684165,False,0.640011755273333,,24.0,6.832871652816251
56.2669939994812,1790752290.031295,0.4307818979174902,0.28667709374668515,False,0.6652132453762893,,24.0,6.826568265682657
56.31803870201111,1790752290.0823398,0.41701092205564994,0.2867063626665287,False,0.6409001005043392,,24.0,6.820276497695852
56.36873722076416,1790752290.1330383,0.4315852493895137,0.2867075522288856,False,0.6530104905575916,,24.0,6.8139963167587485
56.422059774398804,1790752290.1863608,0.4225990516644125,0.2867087417912425,False,0.6355901319941049,,24.0,6.807727690892364
56.47217035293579,1790752290.2364714,0.42068140120784137,0.2867499089435066,False,0.6704220986800892,,24.0,6.8014705882352935
56.5262291431427,1790752290.2905302,0.4356949817833966,0.28679107609577065,False,0.6637738009052091,,24.0,6.7952249770431585
56.57593846321106,1790752290.3402395,0.4329769042588859,0.2868316029122576,False,0.6634927733776791,,24.0,6.7889908256880735
56.62828302383423,1790752290.392584,0.4184615645517953,0.28687212972874465,False,0.6637982176373063,,24.0,6.782768102658111
56.678178787231445,1790752290.4424798,0.4075825053347426,0.2868827773904112,False,0.676221503102855,,24.0,6.7765567765567765
56.73236918449402,1790752290.4966702,0.3968342610501314,0.28689342505207777,False,0.668628676307485,,24.0,6.77035681610247
56.78608727455139,1790752290.5503883,0.4140295676287902,0.2868974633302517,False,0.6400807781234527,,24.0,6.764168190127971
56.83963751792908,1790752290.6039386,0.4084581621593766,0.28690150160842565,False,0.638477545900191,,24.0,6.757990867579909
56.88886857032776,1790752290.6531696,0.37572268091988076,0.2868974633302517,False,0.645339739101761,,24.0,6.751824817518248
56.94326710700989,1790752290.7075682,0.3813619412346534,0.28689342505207777,False,0.6779542610471906,,24.0,6.74567000911577
56.993380069732666,1790752290.7576811,0.3721753204218717,0.2868827773904112,False,0.666991454244729,,24.0,6.739526411657559
57.04655408859253,1790752290.8108552,0.376760181229247,0.28687212972874465,False,0.6685681484779397,,24.0,6.733393994540491
57.100149393081665,1790752290.8644505,0.3975198131864419,0.2868827773904112,False,0.6688065787473891,,24.0,6.7272727272727275
57.15375089645386,1790752290.918052,0.40255942171166326,0.28689342505207777,False,0.672321266105222,,24.0,6.721162579473205
57.2064995765686,1790752290.9708006,0.42975557341308274,0.2868974633302517,False,0.672321266105222,,24.0,6.715063520871143
57.25834012031555,1790752291.0226412,0.39722259433112017,0.28690150160842565,False,0.656238766072686,,24.0,6.708975521305531
57.31422400474548,1790752291.078525,0.4074256706156264,0.28690150160842565,False,0.6616151101587076,,24.0,6.702898550724639
57.36927533149719,1790752291.1335764,0.4295244040775045,0.28690150160842565,False,0.6796683942801461,,24.0,6.6968325791855206
57.4185950756073,1790752291.1828961,0.4105309183684773,0.286902783211163,False,0.665491622832561,,24.0,6.6907775768535265
57.47187662124634,1790752291.2361777,0.34880379947651546,0.28690150160842565,False,0.6710534044639267,,24.0,6.684733514001806
57.52098894119263,1790752291.28529,0.20280031572819565,0.28690150160842565,True,0.6619335130430574,,24.0,6.768953068592058
57.573912143707275,1790752291.3382132,0.28746608704479293,0.28690150160842565,False,0.6707324231735836,52.92320251464844,25.0,6.762849413886383
57.622209787368774,1790752291.3865108,0.3398358373610546,0.2868974633302517,False,0.6509421351366377,,25.0,6.756756756756757
57.675859212875366,1790752291.4401603,0.3316928928922771,0.28689342505207777,False,0.6759328496388463,,25.0,6.750675067506751
57.72530937194824,1790752291.4896104,0.36626593430691756,0.2868827773904112,False,0.6858194780277675,,25.0,6.744604316546762
57.777496337890625,1790752291.5417974,0.37324785305906105,0.28687212972874465,False,0.6802187249559336,,25.0,6.738544474393531
57.83413052558899,1790752291.5984316,0.393135605644211,0.2868827773904112,False,0.689297526308837,,25.0,6.732495511669659
57.88902425765991,1790752291.6533253,0.3740597739894571,0.28687212972874465,False,0.6737216890880242,,25.0,6.726457399103139
57.93948316574097,1790752291.7037842,0.34646088975261763,0.2868316029122576,False,0.6569127986849385,,25.0,6.720430107526881
57.99266338348389,1790752291.7569644,0.2536212112221581,0.28679107609577065,True,0.668389232749709,,25.0,6.803939122649955
58.04517412185669,1790752291.8094752,0.269131104455854,0.2867499089435066,True,0.6778575033263871,,25.0,6.887298747763864
58.09858822822571,1790752291.8628893,0.3026088395824326,0.2867087417912425,False,0.672134333599103,105.92484474182129,26.0,6.881143878462913
58.147765159606934,1790752291.9120662,0.33664485882961653,0.2867075522288856,False,0.6433750854248428,,26.0,6.875000000000001
58.20143914222717,1790752291.9657402,0.35642224729019645,0.2867063626665287,False,0.6329266931796292,,26.0,6.868867082961641
58.25009202957153,1790752292.014393,0.3695047933384399,0.28667709374668515,False,0.6601156989662315,,26.0,6.862745098039216
58.30242156982422,1790752292.0667226,0.38738623517609116,0.2867063626665287,False,0.6633213595848381,,26.0,6.8566340160284955
58.35289716720581,1790752292.1171982,0.4087642651573172,0.2867075522288856,False,0.7260565547318121,,26.0,6.850533807829182
58.407675981521606,1790752292.171977,0.40611700063235867,0.2867087417912425,False,0.675740946648769,,26.0,6.844444444444445
58.45628261566162,1790752292.2205837,0.39572524864198355,0.2867499089435066,False,0.6634269978243631,,26.0,6.838365896980461
58.50979733467102,1790752292.2740984,0.18978602984173926,0.2867087417912425,True,0.6877571712912826,,26.0,6.921029281277728
58.55923914909363,1790752292.3235402,0.14140937191469122,0.2867075522288856,True,0.6378419438192083,,26.0,7.00354609929078
58.60842823982239,1790752292.3727293,0.2266367123307752,0.2867063626665287,True,0.6327415804679644,,26.0,7.0859167404783
58.660123348236084,1790752292.4244244,0.2535865572437168,0.28667709374668515,True,0.6315848703470968,,26.0,7.168141592920355
58.709001541137695,1790752292.4733026,0.31155881826818427,0.28664782482684165,False,0.6379244050929584,199.2042064666748,27.0,7.161803713527852
58.75693082809448,1790752292.521232,0.3426064265485843,0.28662786695749676,False,0.6481790915228622,,27.0,7.1554770318021195
58.8088583946228,1790752292.5731595,0.3388315308124682,0.2866079090881519,False,0.616406920179213,,27.0,7.149161518093557
58.85885524749756,1790752292.6231563,0.3585845699781503,0.2866026927158021,False,0.6597720840169314,,27.0,7.142857142857142
58.91094350814819,1790752292.6752446,0.37891388074010535,0.28659747634345223,False,0.6562973855051758,,27.0,7.136563876651983
58.961013317108154,1790752292.7253144,0.37061373624090416,0.2865529667166158,False,0.6341096345946327,,27.0,7.130281690140845
59.01434588432312,1790752292.778647,0.3788974503023622,0.28650845708977934,False,0.6277238594064677,,27.0,7.12401055408971
59.06606197357178,1790752292.830363,0.3881945644988384,0.2865529667166158,False,0.6666384131550366,,27.0,7.117750439367311
59.10917687416077,1790752292.873478,0.38471756800310203,0.28659747634345223,False,0.6479415544062215,,27.0,7.111501316944688
59.16282057762146,1790752292.9271216,0.3854084640189449,0.2866026927158021,False,0.6264343283349648,,27.0,7.105263157894736
59.212093353271484,1790752292.9763944,0.38066189366007525,0.28659747634345223,False,0.6312053450551612,,27.0,7.099035933391762
59.266441106796265,1790752293.0307422,0.38380339307704137,0.2866026927158021,False,0.6669276586022752,,27.0,7.092819614711034
59.31551241874695,1790752293.0798135,0.37851733831787393,0.28659747634345223,False,0.6380228279591331,,27.0,7.086614173228346
59.36782765388489,1790752293.1321287,0.3714632407213261,0.2865529667166158,False,0.6314190768718413,,27.0,7.080419580419581
59.41699528694153,1790752293.1812963,0.3789312283953661,0.28650845708977934,False,0.6289225906902128,,27.0,7.074235807860261
59.47457814216614,1790752293.2388792,0.3876350568380457,0.2865529667166158,False,0.6445966207517195,,27.0,7.068062827225131
59.52814793586731,1790752293.292449,0.3831417313697517,0.28659747634345223,False,0.6564102363324397,,27.0,7.061900610287706
59.580146074295044,1790752293.3444471,0.3880180079897856,0.2866026927158021,False,0.644143184706485,,27.0,7.055749128919861
59.63200640678406,1790752293.3963075,0.38875815569017036,0.2866079090881519,False,0.6512695538290005,,27.0,7.049608355091384
59.685322523117065,1790752293.4496236,0.39325373415075116,0.28662786695749676,False,0.6341311604294761,,27.0,7.043478260869565
59.738243103027344,1790752293.5025442,0.3748805380644249,0.2866079090881519,False,0.6422869960141248,,27.0,7.037358818418767
59.79204821586609,1790752293.5563493,0.38523468621172374,0.28662786695749676,False,0.6632435334364786,,27.0,7.03125
59.842294692993164,1790752293.6065958,0.3795202436486387,0.2866079090881519,False,0.644143184706485,,27.0,7.025151777970512
59.89532923698425,1790752293.6596303,0.39063551825027243,0.28662786695749676,False,0.6368515686932003,,27.0,7.0190641247833625
59.94430351257324,1790752293.7086046,0.3948632558496882,0.28664782482684165,False,0.6406888731245461,,27.0,7.012987012987012
59.997236490249634,1790752293.7615376,0.37516656800302356,0.28662786695749676,False,0.6651626809017901,,27.0,7.006920415224914
60.047457695007324,1790752293.8117588,0.3776794494213883,0.2866079090881519,False,0.6238869114974476,,27.0,7.006920415224914
